-- phpMyAdmin SQL Dump
-- version phpStudy 2014
-- http://www.phpmyadmin.net
--
-- ä¸»æœº: localhost
-- ç”Ÿæˆæ—¥æœŸ: 2018 å¹?09 æœ?21 æ—?17:21
-- æœåŠ¡å™¨ç‰ˆæœ¬: 5.5.40-log
-- PHP ç‰ˆæœ¬: 5.6.1

SET SQL_MODE="NO_AUTO_VALUE_ON_ZERO";
SET time_zone = "+00:00";


/*!40101 SET @OLD_CHARACTER_SET_CLIENT=@@CHARACTER_SET_CLIENT */;
/*!40101 SET @OLD_CHARACTER_SET_RESULTS=@@CHARACTER_SET_RESULTS */;
/*!40101 SET @OLD_COLLATION_CONNECTION=@@COLLATION_CONNECTION */;
/*!40101 SET NAMES utf8 */;

--
-- æ•°æ®åº“: `support_project`
--

-- --------------------------------------------------------

--
-- è¡¨çš„ç»“æ„ `sup_admin_annex`
--

CREATE TABLE IF NOT EXISTS `sup_admin_annex` (
  `id` int(10) unsigned NOT NULL AUTO_INCREMENT,
  `data_id` int(10) unsigned NOT NULL DEFAULT '0' COMMENT 'å…³è”çš„æ•°æ®ID',
  `type` varchar(20) NOT NULL DEFAULT '' COMMENT 'ç±»å‹',
  `group` varchar(100) NOT NULL DEFAULT 'sys' COMMENT 'æ–‡ä»¶åˆ†ç»„',
  `file` varchar(255) NOT NULL COMMENT 'ä¸Šä¼ æ–‡ä»¶',
  `hash` varchar(64) NOT NULL COMMENT 'æ–‡ä»¶hashå€¼',
  `size` decimal(12,2) unsigned NOT NULL DEFAULT '0.00' COMMENT 'é™„ä»¶å¤§å°KB',
  `status` tinyint(1) unsigned NOT NULL DEFAULT '0' COMMENT 'ä½¿ç”¨çŠ¶æ€(0æœªä½¿ç”¨ï¼Œ1å·²ä½¿ç”¨)',
  `ctime` int(10) unsigned NOT NULL DEFAULT '0',
  PRIMARY KEY (`id`),
  UNIQUE KEY `hash` (`hash`)
) ENGINE=InnoDB DEFAULT CHARSET=utf8 COMMENT='[ç³»ç»Ÿ] ä¸Šä¼ é™„ä»¶' AUTO_INCREMENT=1 ;

-- --------------------------------------------------------

--
-- è¡¨çš„ç»“æ„ `sup_admin_annex_group`
--

CREATE TABLE IF NOT EXISTS `sup_admin_annex_group` (
  `id` int(10) unsigned NOT NULL AUTO_INCREMENT,
  `name` varchar(50) NOT NULL COMMENT 'é™„ä»¶åˆ†ç»„',
  `count` int(10) unsigned NOT NULL DEFAULT '0' COMMENT 'é™„ä»¶æ•°é‡',
  `size` decimal(12,2) NOT NULL DEFAULT '0.00' COMMENT 'é™„ä»¶å¤§å°kb',
  PRIMARY KEY (`id`)
) ENGINE=InnoDB  DEFAULT CHARSET=utf8 COMMENT='[ç³»ç»Ÿ] é™„ä»¶åˆ†ç»„' AUTO_INCREMENT=2 ;

--
-- è½¬å­˜è¡¨ä¸­çš„æ•°æ® `sup_admin_annex_group`
--

INSERT INTO `sup_admin_annex_group` (`id`, `name`, `count`, `size`) VALUES
(1, 'sys', 0, '0.00');

-- --------------------------------------------------------

--
-- è¡¨çš„ç»“æ„ `sup_admin_config`
--

CREATE TABLE IF NOT EXISTS `sup_admin_config` (
  `id` int(10) unsigned NOT NULL AUTO_INCREMENT,
  `system` tinyint(1) unsigned NOT NULL DEFAULT '0' COMMENT 'æ˜¯å¦ä¸ºç³»ç»Ÿé…ç½®(1æ˜¯ï¼Œ0å¦)',
  `group` varchar(20) NOT NULL DEFAULT 'base' COMMENT 'åˆ†ç»„',
  `title` varchar(20) NOT NULL COMMENT 'é…ç½®æ ‡é¢˜',
  `name` varchar(50) NOT NULL COMMENT 'é…ç½®åç§°ï¼Œç”±è‹±æ–‡å­—æ¯å’Œä¸‹åˆ’çº¿ç»„æˆ',
  `value` text NOT NULL COMMENT 'é…ç½®å€¼',
  `type` varchar(20) NOT NULL DEFAULT 'input' COMMENT 'é…ç½®ç±»å‹()',
  `options` text NOT NULL COMMENT 'é…ç½®é¡¹(é€‰é¡¹å:é€‰é¡¹å€¼)',
  `url` varchar(255) NOT NULL DEFAULT '' COMMENT 'æ–‡ä»¶ä¸Šä¼ æ¥å£',
  `tips` varchar(255) NOT NULL COMMENT 'é…ç½®æç¤º',
  `sort` int(10) unsigned NOT NULL DEFAULT '0' COMMENT 'æ’åº',
  `status` tinyint(1) unsigned NOT NULL COMMENT 'çŠ¶æ€',
  `ctime` int(10) unsigned NOT NULL DEFAULT '0',
  `mtime` int(10) unsigned NOT NULL DEFAULT '0',
  PRIMARY KEY (`id`)
) ENGINE=InnoDB  DEFAULT CHARSET=utf8 COMMENT='[ç³»ç»Ÿ] ç³»ç»Ÿé…ç½®' AUTO_INCREMENT=53 ;

--
-- è½¬å­˜è¡¨ä¸­çš„æ•°æ® `sup_admin_config`
--

INSERT INTO `sup_admin_config` (`id`, `system`, `group`, `title`, `name`, `value`, `type`, `options`, `url`, `tips`, `sort`, `status`, `ctime`, `mtime`) VALUES
(1, 1, 'sys', 'æ‰©å±•é…ç½®åˆ†ç»„', 'config_group', '', 'array', ' ', '', 'è¯·æŒ‰å¦‚ä¸‹æ ¼å¼å¡«å†™ï¼š&lt;br&gt;é”®å€¼:é”®å&lt;br&gt;é”®å€¼:é”®å&lt;br&gt;&lt;span style=&quot;color:#f00&quot;&gt;é”®å€¼åªèƒ½ä¸ºè‹±æ–‡ã€æ•°å­—ã€ä¸‹åˆ’çº¿&lt;/span&gt;', 1, 1, 1492140215, 1492140215),
(13, 1, 'base', 'ç½‘ç«™åŸŸå', 'site_domain', '', 'input', '', '', '', 2, 1, 1492140215, 1492140215),
(14, 1, 'upload', 'å›¾ç‰‡ä¸Šä¼ å¤§å°é™åˆ¶', 'upload_image_size', '0', 'input', '', '', 'å•ä½ï¼šKBï¼Œ0è¡¨ç¤ºä¸é™åˆ¶å¤§å°', 3, 1, 1490841797, 1491040778),
(15, 1, 'upload', 'å…è®¸ä¸Šä¼ å›¾ç‰‡æ ¼å¼', 'upload_image_ext', 'jpg,png,gif,jpeg,ico', 'input', '', '', 'å¤šä¸ªæ ¼å¼è¯·ç”¨è‹±æ–‡é€—å·ï¼ˆ,ï¼‰éš”å¼€', 4, 1, 1490842130, 1491040778),
(16, 1, 'upload', 'ç¼©ç•¥å›¾è£å‰ªæ–¹å¼', 'thumb_type', '2', 'select', '1:ç­‰æ¯”ä¾‹ç¼©æ”¾\r\n2:ç¼©æ”¾åå¡«å……\r\n3:å±…ä¸­è£å‰ª\r\n4:å·¦ä¸Šè§’è£å‰ª\r\n5:å³ä¸‹è§’è£å‰ª\r\n6:å›ºå®šå°ºå¯¸ç¼©æ”¾\r\n', '', '', 5, 1, 1490842450, 1491040778),
(17, 1, 'upload', 'å›¾ç‰‡æ°´å°å¼€å…³', 'image_watermark', '1', 'switch', '0:å…³é—­\r\n1:å¼€å¯', '', '', 6, 1, 1490842583, 1491040778),
(18, 1, 'upload', 'å›¾ç‰‡æ°´å°å›¾', 'image_watermark_pic', '', 'image', '', '', '', 7, 1, 1490842679, 1491040778),
(19, 1, 'upload', 'å›¾ç‰‡æ°´å°é€æ˜åº¦', 'image_watermark_opacity', '50', 'input', '', '', 'å¯è®¾ç½®å€¼ä¸º0~100ï¼Œæ•°å­—è¶Šå°ï¼Œé€æ˜åº¦è¶Šé«˜', 8, 1, 1490857704, 1491040778),
(20, 1, 'upload', 'å›¾ç‰‡æ°´å°å›¾ä½ç½®', 'image_watermark_location', '9', 'select', '7:å·¦ä¸‹è§’\r\n1:å·¦ä¸Šè§’\r\n4:å·¦å±…ä¸­\r\n9:å³ä¸‹è§’\r\n3:å³ä¸Šè§’\r\n6:å³å±…ä¸­\r\n2:ä¸Šå±…ä¸­\r\n8:ä¸‹å±…ä¸­\r\n5:å±…ä¸­', '', '', 9, 1, 1490858228, 1491040778),
(21, 1, 'upload', 'æ–‡ä»¶ä¸Šä¼ å¤§å°é™åˆ¶', 'upload_file_size', '0', 'input', '', '', 'å•ä½ï¼šKBï¼Œ0è¡¨ç¤ºä¸é™åˆ¶å¤§å°', 1, 1, 1490859167, 1491040778),
(22, 1, 'upload', 'å…è®¸ä¸Šä¼ æ–‡ä»¶æ ¼å¼', 'upload_file_ext', 'doc,docx,xls,xlsx,ppt,pptx,pdf,wps,txt,rar,zip', 'input', '', '', 'å¤šä¸ªæ ¼å¼è¯·ç”¨è‹±æ–‡é€—å·ï¼ˆ,ï¼‰éš”å¼€', 2, 1, 1490859246, 1491040778),
(23, 1, 'upload', 'æ–‡å­—æ°´å°å¼€å…³', 'text_watermark', '0', 'switch', '0:å…³é—­\r\n1:å¼€å¯', '', '', 10, 1, 1490860872, 1491040778),
(24, 1, 'upload', 'æ–‡å­—æ°´å°å†…å®¹', 'text_watermark_content', '', 'input', '', '', '', 11, 1, 1490861005, 1491040778),
(25, 1, 'upload', 'æ–‡å­—æ°´å°å­—ä½“', 'text_watermark_font', '', 'file', '', '', 'ä¸ä¸Šä¼ å°†ä½¿ç”¨ç³»ç»Ÿé»˜è®¤å­—ä½“', 12, 1, 1490861117, 1491040778),
(26, 1, 'upload', 'æ–‡å­—æ°´å°å­—ä½“å¤§å°', 'text_watermark_size', '20', 'input', '', '', 'å•ä½ï¼špx(åƒç´ )', 13, 1, 1490861204, 1491040778),
(27, 1, 'upload', 'æ–‡å­—æ°´å°é¢œè‰²', 'text_watermark_color', '#000000', 'input', '', '', 'æ–‡å­—æ°´å°é¢œè‰²ï¼Œæ ¼å¼:#000000', 14, 1, 1490861482, 1491040778),
(28, 1, 'upload', 'æ–‡å­—æ°´å°ä½ç½®', 'text_watermark_location', '7', 'select', '7:å·¦ä¸‹è§’\r\n1:å·¦ä¸Šè§’\r\n4:å·¦å±…ä¸­\r\n9:å³ä¸‹è§’\r\n3:å³ä¸Šè§’\r\n6:å³å±…ä¸­\r\n2:ä¸Šå±…ä¸­\r\n8:ä¸‹å±…ä¸­\r\n5:å±…ä¸­', '', '', 11, 1, 1490861718, 1491040778),
(29, 1, 'upload', 'ç¼©ç•¥å›¾å°ºå¯¸', 'thumb_size', '300x300;500x500', 'input', '', '', 'ä¸ºç©ºåˆ™ä¸ç”Ÿæˆï¼Œç”Ÿæˆ 500x500 çš„ç¼©ç•¥å›¾ï¼Œåˆ™å¡«å†™ 500x500ï¼Œå¤šä¸ªè§„æ ¼å¡«å†™å‚è€ƒ 300x300;500x500;800x800', 4, 1, 1490947834, 1491040778),
(30, 1, 'develop', 'å¼€å‘æ¨¡å¼', 'app_debug', '1', 'switch', '0:å…³é—­\r\n1:å¼€å¯', '', '', 0, 1, 1491005004, 1492093874),
(31, 1, 'develop', 'é¡µé¢Trace', 'app_trace', '0', 'switch', '0:å…³é—­\r\n1:å¼€å¯', '', '', 0, 1, 1491005081, 1492093874),
(33, 1, 'sys', 'å¯Œæ–‡æœ¬ç¼–è¾‘å™¨', 'editor', 'umeditor', 'select', 'ueditor:UEditor\r\numeditor:UMEditor\r\nkindeditor:KindEditor\r\nckeditor:CKEditor', '', '', 2, 1, 1491142648, 1492140215),
(35, 1, 'databases', 'å¤‡ä»½ç›®å½•', 'backup_path', './backup/database/', 'input', '', '', 'æ•°æ®åº“å¤‡ä»½è·¯å¾„,è·¯å¾„å¿…é¡»ä»¥ / ç»“å°¾', 0, 1, 1491881854, 1491965974),
(36, 1, 'databases', 'å¤‡ä»½åˆ†å·å¤§å°', 'part_size', '20971520', 'input', '', '', 'ç”¨äºé™åˆ¶å‹ç¼©åçš„åˆ†å·æœ€å¤§é•¿åº¦ã€‚å•ä½ï¼šBï¼›å»ºè®®è®¾ç½®20M', 0, 1, 1491881975, 1491965974),
(37, 1, 'databases', 'å¤‡ä»½å‹ç¼©å¼€å…³', 'compress', '1', 'switch', '0:å…³é—­\r\n1:å¼€å¯', '', 'å‹ç¼©å¤‡ä»½æ–‡ä»¶éœ€è¦PHPç¯å¢ƒæ”¯æŒgzopen,gzwriteå‡½æ•°', 0, 1, 1491882038, 1491965974),
(38, 1, 'databases', 'å¤‡ä»½å‹ç¼©çº§åˆ«', 'compress_level', '4', 'radio', '1:æœ€ä½\r\n4:ä¸€èˆ¬\r\n9:æœ€é«˜', '', 'æ•°æ®åº“å¤‡ä»½æ–‡ä»¶çš„å‹ç¼©çº§åˆ«ï¼Œè¯¥é…ç½®åœ¨å¼€å¯å‹ç¼©æ—¶ç”Ÿæ•ˆ', 0, 1, 1491882154, 1491965974),
(39, 1, 'base', 'ç½‘ç«™çŠ¶æ€', 'site_status', '1', 'switch', '0:å…³é—­\r\n1:å¼€å¯', '', 'ç«™ç‚¹å…³é—­åå°†ä¸èƒ½è®¿é—®ï¼Œåå°å¯æ­£å¸¸ç™»å½•', 1, 1, 1492049460, 1494690024),
(40, 1, 'sys', 'åå°ç®¡ç†è·¯å¾„', 'admin_path', 'admin.php', 'input', '', '', 'å¿…é¡»ä»¥.phpä¸ºåç¼€', 0, 1, 1492139196, 1492140215),
(41, 1, 'base', 'ç½‘ç«™æ ‡é¢˜', 'site_title', 'æ´›å·å¿å­¦ç”Ÿèµ„åŠ©ç®¡ç†ä¸­å¿ƒ', 'input', '', '', 'ç½‘ç«™æ ‡é¢˜æ˜¯ä½“ç°ä¸€ä¸ªç½‘ç«™çš„ä¸»æ—¨ï¼Œè¦åšåˆ°ä¸»é¢˜çªå‡ºã€æ ‡é¢˜ç®€æ´ã€è¿è´¯ç­‰ç‰¹ç‚¹ï¼Œå»ºè®®ä¸è¶…è¿‡28ä¸ªå­—', 6, 1, 1492502354, 1494695131),
(42, 1, 'base', 'ç½‘ç«™å…³é”®è¯', 'site_keywords', '', 'input', '', '', 'ç½‘é¡µå†…å®¹æ‰€åŒ…å«çš„æ ¸å¿ƒæœç´¢å…³é”®è¯ï¼Œå¤šä¸ªå…³é”®å­—è¯·ç”¨è‹±æ–‡é€—å·&quot;,&quot;åˆ†éš”', 7, 1, 1494690508, 1494690780),
(43, 1, 'base', 'ç½‘ç«™æè¿°', 'site_description', '', 'textarea', '', '', 'ç½‘é¡µçš„æè¿°ä¿¡æ¯ï¼Œæœç´¢å¼•æ“é‡‡çº³åï¼Œä½œä¸ºæœç´¢ç»“æœä¸­çš„é¡µé¢æ‘˜è¦æ˜¾ç¤ºï¼Œå»ºè®®ä¸è¶…è¿‡80ä¸ªå­—', 8, 1, 1494690669, 1494691075),
(44, 1, 'base', 'ICPå¤‡æ¡ˆä¿¡æ¯', 'site_icp', '', 'input', '', '', 'è¯·å¡«å†™ICPå¤‡æ¡ˆå·ï¼Œç”¨äºå±•ç¤ºåœ¨ç½‘ç«™åº•éƒ¨ï¼ŒICPå¤‡æ¡ˆå®˜ç½‘ï¼š&lt;a href=&quot;http://www.miibeian.gov.cn&quot; target=&quot;_blank&quot;&gt;http://www.miibeian.gov.cn&lt;/a&gt;', 9, 1, 1494691721, 1494692046),
(45, 1, 'base', 'ç«™ç‚¹ç»Ÿè®¡ä»£ç ', 'site_statis', '', 'textarea', '', '', 'ç¬¬ä¸‰æ–¹æµé‡ç»Ÿè®¡ä»£ç ï¼Œå‰å°è°ƒç”¨æ—¶è¯·å…ˆç”¨ htmlspecialchars_decodeå‡½æ•°è½¬ä¹‰è¾“å‡º', 10, 1, 1494691959, 1494694797),
(46, 1, 'base', 'ç½‘ç«™åç§°', 'site_name', 'æ´›å·å¿å­¦ç”Ÿèµ„åŠ©ç®¡ç†ä¸­å¿ƒ', 'input', '', '', 'å°†æ˜¾ç¤ºåœ¨æµè§ˆå™¨çª—å£æ ‡é¢˜ç­‰ä½ç½®', 3, 1, 1494692103, 1494694680),
(47, 1, 'base', 'ç½‘ç«™LOGO', 'site_logo', '', 'image', '', '', 'ç½‘ç«™LOGOå›¾ç‰‡', 4, 1, 1494692345, 1494693235),
(48, 1, 'base', 'ç½‘ç«™å›¾æ ‡', 'site_favicon', '', 'image', '', '/admin/annex/favicon', 'åˆå«ç½‘ç«™æ”¶è—å¤¹å›¾æ ‡ï¼Œå®ƒæ˜¾ç¤ºä½äºæµè§ˆå™¨çš„åœ°å€æ æˆ–è€…æ ‡é¢˜å‰é¢ï¼Œ&lt;strong class=&quot;red&quot;&gt;.icoæ ¼å¼&lt;/strong&gt;ï¼Œ&lt;a href=&quot;https://www.baidu.com/s?ie=UTF-8&amp;wd=favicon&quot; target=&quot;_blank&quot;&gt;ç‚¹æ­¤äº†è§£ç½‘ç«™å›¾æ ‡&lt;/a&gt;', 5, 1, 1494692781, 1494693966),
(49, 1, 'base', 'æ‰‹æœºç½‘ç«™', 'wap_site_status', '0', 'switch', '0:å…³é—­\r\n1:å¼€å¯', '', 'å¦‚æœæœ‰æ‰‹æœºç½‘ç«™ï¼Œè¯·è®¾ç½®ä¸ºå¼€å¯çŠ¶æ€ï¼Œå¦åˆ™åªæ˜¾ç¤ºPCç½‘ç«™', 2, 1, 1498405436, 1498405436),
(50, 1, 'sys', 'äº‘ç«¯æ¨é€', 'cloud_push', '0', 'switch', '0:å…³é—­\r\n1:å¼€å¯', '', 'å…³é—­ä¹‹åï¼Œæ— æ³•é€šè¿‡äº‘ç«¯æ¨é€å®‰è£…æ‰©å±•', 3, 1, 1504250320, 1504250320),
(51, 0, 'base', 'æ‰‹æœºç½‘ç«™åŸŸå', 'wap_domain', '', 'input', '', '', 'æ‰‹æœºè®¿é—®å°†è‡ªåŠ¨è·³è½¬è‡³æ­¤åŸŸå', 2, 1, 1504304776, 1504304837),
(52, 0, 'sys', 'å¤šè¯­è¨€æ”¯æŒ', 'multi_language', '0', 'switch', '0:å…³é—­\r\n1:å¼€å¯', '', 'å¼€å¯åä½ å¯ä»¥è‡ªç”±ä¸Šä¼ å¤šç§è¯­è¨€åŒ…', 4, 1, 1506532211, 1506532211);

-- --------------------------------------------------------

--
-- è¡¨çš„ç»“æ„ `sup_admin_hook`
--

CREATE TABLE IF NOT EXISTS `sup_admin_hook` (
  `id` int(10) unsigned NOT NULL AUTO_INCREMENT,
  `system` tinyint(1) unsigned NOT NULL DEFAULT '0' COMMENT 'ç³»ç»Ÿæ’ä»¶',
  `name` varchar(50) NOT NULL DEFAULT '' COMMENT 'é’©å­åç§°',
  `source` varchar(50) NOT NULL DEFAULT '' COMMENT 'é’©å­æ¥æº[plugins.æ’ä»¶åï¼Œmodule.æ¨¡å—å]',
  `intro` varchar(200) NOT NULL DEFAULT '' COMMENT 'é’©å­ç®€ä»‹',
  `status` tinyint(1) unsigned NOT NULL DEFAULT '1',
  `ctime` int(10) unsigned NOT NULL DEFAULT '0' COMMENT 'åˆ›å»ºæ—¶é—´',
  `mtime` int(10) unsigned NOT NULL DEFAULT '0' COMMENT 'æ›´æ–°æ—¶é—´',
  PRIMARY KEY (`id`),
  UNIQUE KEY `name` (`name`)
) ENGINE=InnoDB  DEFAULT CHARSET=utf8 ROW_FORMAT=COMPACT COMMENT='[ç³»ç»Ÿ] é’©å­è¡¨' AUTO_INCREMENT=6 ;

--
-- è½¬å­˜è¡¨ä¸­çš„æ•°æ® `sup_admin_hook`
--

INSERT INTO `sup_admin_hook` (`id`, `system`, `name`, `source`, `intro`, `status`, `ctime`, `mtime`) VALUES
(1, 1, 'system_admin_index', '', 'åå°é¦–é¡µ', 1, 1490885108, 1490885108),
(2, 1, 'system_admin_tips', '', 'åå°æ‰€æœ‰é¡µé¢æç¤º', 1, 1490885108, 1490885108),
(3, 1, 'system_annex_upload', '', 'é™„ä»¶ä¸Šä¼ é’©å­ï¼Œå¯æ‰©å±•ä¸Šä¼ åˆ°ç¬¬ä¸‰æ–¹å­˜å‚¨', 1, 1490885108, 1490885108),
(4, 1, 'system_member_login', '', 'ä¼šå‘˜ç™»é™†æˆåŠŸä¹‹åçš„åŠ¨ä½œ', 1, 1490885108, 1490885108),
(5, 1, 'system_member_register', '', 'ä¼šå‘˜æ³¨å†ŒæˆåŠŸåçš„åŠ¨ä½œ', 1, 1490885108, 1490885108);

-- --------------------------------------------------------

--
-- è¡¨çš„ç»“æ„ `sup_admin_hook_plugins`
--

CREATE TABLE IF NOT EXISTS `sup_admin_hook_plugins` (
  `id` int(11) unsigned NOT NULL AUTO_INCREMENT,
  `hook` varchar(32) NOT NULL COMMENT 'é’©å­id',
  `plugins` varchar(32) NOT NULL COMMENT 'æ’ä»¶æ ‡è¯†',
  `ctime` int(11) unsigned NOT NULL DEFAULT '0',
  `mtime` int(11) unsigned NOT NULL DEFAULT '0',
  `sort` int(11) unsigned NOT NULL DEFAULT '0',
  `status` tinyint(2) unsigned NOT NULL DEFAULT '1',
  PRIMARY KEY (`id`)
) ENGINE=InnoDB  DEFAULT CHARSET=utf8 ROW_FORMAT=COMPACT COMMENT='[ç³»ç»Ÿ] é’©å­-æ’ä»¶å¯¹åº”è¡¨' AUTO_INCREMENT=2 ;

--
-- è½¬å­˜è¡¨ä¸­çš„æ•°æ® `sup_admin_hook_plugins`
--

INSERT INTO `sup_admin_hook_plugins` (`id`, `hook`, `plugins`, `ctime`, `mtime`, `sort`, `status`) VALUES
(1, 'system_admin_index', 'hisiphp', 1510063011, 1510063011, 0, 1);

-- --------------------------------------------------------

--
-- è¡¨çš„ç»“æ„ `sup_admin_language`
--

CREATE TABLE IF NOT EXISTS `sup_admin_language` (
  `id` int(11) unsigned NOT NULL AUTO_INCREMENT,
  `name` varchar(50) NOT NULL DEFAULT '' COMMENT 'è¯­è¨€åŒ…åç§°',
  `code` varchar(20) NOT NULL DEFAULT '' COMMENT 'ç¼–ç ',
  `locale` varchar(255) NOT NULL DEFAULT '' COMMENT 'æœ¬åœ°æµè§ˆå™¨è¯­è¨€ç¼–ç ',
  `icon` varchar(30) NOT NULL DEFAULT '' COMMENT 'å›¾æ ‡',
  `pack` varchar(100) NOT NULL DEFAULT '' COMMENT 'ä¸Šä¼ çš„è¯­è¨€åŒ…',
  `sort` tinyint(2) unsigned NOT NULL DEFAULT '1',
  `status` tinyint(1) unsigned NOT NULL DEFAULT '0',
  PRIMARY KEY (`id`),
  UNIQUE KEY `code` (`code`)
) ENGINE=InnoDB  DEFAULT CHARSET=utf8 COMMENT='[ç³»ç»Ÿ] è¯­è¨€åŒ…' AUTO_INCREMENT=2 ;

--
-- è½¬å­˜è¡¨ä¸­çš„æ•°æ® `sup_admin_language`
--

INSERT INTO `sup_admin_language` (`id`, `name`, `code`, `locale`, `icon`, `pack`, `sort`, `status`) VALUES
(1, 'ç®€ä½“ä¸­æ–‡', 'zh-cn', 'zh-CN,zh-CN.UTF-8,zh-cn', '', '1', 1, 1);

-- --------------------------------------------------------

--
-- è¡¨çš„ç»“æ„ `sup_admin_log`
--

CREATE TABLE IF NOT EXISTS `sup_admin_log` (
  `id` int(11) unsigned NOT NULL AUTO_INCREMENT,
  `uid` int(10) unsigned NOT NULL DEFAULT '0',
  `title` varchar(100) DEFAULT '',
  `url` varchar(200) DEFAULT '',
  `param` text,
  `remark` varchar(255) DEFAULT '',
  `count` int(10) unsigned NOT NULL DEFAULT '1',
  `ip` varchar(128) DEFAULT '',
  `ctime` int(10) unsigned NOT NULL DEFAULT '0',
  `mtime` int(10) unsigned NOT NULL DEFAULT '0',
  PRIMARY KEY (`id`)
) ENGINE=InnoDB  DEFAULT CHARSET=utf8 COMMENT='[ç³»ç»Ÿ] æ“ä½œæ—¥å¿—' AUTO_INCREMENT=71 ;

--
-- è½¬å­˜è¡¨ä¸­çš„æ•°æ® `sup_admin_log`
--

INSERT INTO `sup_admin_log` (`id`, `uid`, `title`, `url`, `param`, `remark`, `count`, `ip`, `ctime`, `mtime`) VALUES
(1, 1, 'åå°é¦–é¡µ', 'admin/index/index', '[]', 'æµè§ˆæ•°æ®', 167, '127.0.0.1', 1536554329, 1537521603),
(2, 1, 'é’©å­ç®¡ç†', 'admin/hook/index', '{"page":"1","limit":"20"}', 'æµè§ˆæ•°æ®', 6, '127.0.0.1', 1536568815, 1536629541),
(3, 1, 'ä¿®æ”¹é’©å­', 'admin/hook/edit', '{"id":"1"}', 'æµè§ˆæ•°æ®', 1, '127.0.0.1', 1536568824, 1536568824),
(4, 1, 'æ’ä»¶ç®¡ç†', 'admin/plugins/index', '[]', 'æµè§ˆæ•°æ®', 4, '127.0.0.1', 1536568838, 1536629538),
(5, 1, 'çŠ¶æ€è®¾ç½®', 'admin/plugins/status', '{"val":"0","id":"1"}', 'æµè§ˆæ•°æ®', 1, '127.0.0.1', 1536568848, 1536568848),
(6, 1, 'å¯¼å…¥æ’ä»¶', 'admin/plugins/import', '[]', 'æµè§ˆæ•°æ®', 1, '127.0.0.1', 1536568857, 1536568857),
(7, 1, 'å¸ƒå±€åˆ‡æ¢', 'admin/user/iframe', '[]', 'æµè§ˆæ•°æ®', 3, '127.0.0.1', 1536568875, 1536574288),
(8, 1, 'åå°é¦–é¡µ', 'admin/index/welcome', '[]', 'æµè§ˆæ•°æ®', 169, '127.0.0.1', 1536568880, 1537521603),
(9, 1, 'æ¨¡å—ç®¡ç†', 'admin/module/index', '{"status":"0"}', 'æµè§ˆæ•°æ®', 11, '127.0.0.1', 1536573889, 1536894598),
(10, 1, 'é…ç½®ç®¡ç†', 'admin/config/index', '{"page":"1","limit":"20"}', 'æµè§ˆæ•°æ®', 42, '127.0.0.1', 1536573894, 1536630044),
(11, 1, 'ä¿®æ”¹é…ç½®', 'admin/config/edit', '{"id":"44"}', 'æµè§ˆæ•°æ®', 4, '127.0.0.1', 1536573903, 1536629394),
(12, 1, 'çŠ¶æ€è®¾ç½®', 'admin/config/status', '{"table":"admin_config","id":"46","val":"1"}', 'æµè§ˆæ•°æ®', 2, '127.0.0.1', 1536573913, 1536573916),
(13, 1, 'ç³»ç»Ÿèœå•', 'admin/menu/index', '[]', 'æµè§ˆæ•°æ®', 158, '127.0.0.1', 1536574190, 1537350435),
(14, 1, 'ç³»ç»Ÿè®¾ç½®', 'admin/system/index', '{"group":"base"}', 'æµè§ˆæ•°æ®', 17, '127.0.0.1', 1536574202, 1536894897),
(15, 1, 'ç³»ç»Ÿé…ç½®', 'admin/system/index', '{"group":"sys"}', 'æµè§ˆæ•°æ®', 17, '127.0.0.1', 1536574210, 1536892437),
(16, 1, 'ä¸Šä¼ é…ç½®', 'admin/system/index', '{"group":"upload"}', 'æµè§ˆæ•°æ®', 13, '127.0.0.1', 1536574228, 1536736219),
(17, 1, 'å¼€å‘é…ç½®', 'admin/system/index', '{"group":"develop"}', 'æµè§ˆæ•°æ®', 11, '127.0.0.1', 1536574229, 1536736215),
(18, 1, 'æ•°æ®åº“é…ç½®', 'admin/system/index', '{"group":"databases"}', 'æµè§ˆæ•°æ®', 7, '127.0.0.1', 1536574230, 1536736214),
(19, 1, 'åŸºç¡€é…ç½®', 'admin/system/index', '{"group":"base"}', 'æµè§ˆæ•°æ®', 10, '127.0.0.1', 1536574232, 1536892439),
(20, 1, 'åŸºç¡€é…ç½®', 'admin/system/index', '{"id":{"site_status":"1","site_domain":"","wap_domain":"","site_name":"\\u6d1b\\u5ddd\\u53bf\\u5b66\\u751f\\u8d44\\u52a9\\u7ba1\\u7406\\u4e2d\\u5fc3","site_logo":"","site_favicon":"","site_title":"\\u6d1b\\u5ddd\\u53bf\\u5b66\\u751f\\u8d44\\u52a9\\u7ba1\\u7406\\u4e2d\\u5fc3","site_keywords":"","site_description":"","site_icp":"","site_statis":""},"type":{"site_status":"switch","site_domain":"input","wap_site_status":"switch","wap_domain":"input","site_name":"input","site_logo":"image","site_favicon":"image","site_title":"input","site_keywords":"input","site_description":"textarea","site_icp":"input","site_statis":"textarea"},"group":"base"}', 'ä¿å­˜æ•°æ®', 2, '127.0.0.1', 1536574264, 1536628222),
(21, 1, 'ä¸ªäººä¿¡æ¯è®¾ç½®', 'admin/user/info', '[]', 'æµè§ˆæ•°æ®', 1, '127.0.0.1', 1536574275, 1536574275),
(22, 1, 'è¯­è¨€åŒ…ç®¡ç†', 'admin/language/index', '{"page":"1","limit":"10"}', 'æµè§ˆæ•°æ®', 2, '127.0.0.1', 1536574282, 1536574282),
(23, 1, 'ç³»ç»Ÿæ—¥å¿—', 'admin/log/index', '{"page":"1","limit":"20"}', 'æµè§ˆæ•°æ®', 12, '127.0.0.1', 1536574310, 1536630037),
(24, 1, 'ç³»ç»Ÿç®¡ç†å‘˜', 'admin/user/index', '{"page":"1","limit":"20"}', 'æµè§ˆæ•°æ®', 194, '127.0.0.1', 1536574321, 1537350821),
(25, 1, 'ç®¡ç†å‘˜è§’è‰²', 'admin/user/role', '{"page":"1","limit":"10"}', 'æµè§ˆæ•°æ®', 93, '127.0.0.1', 1536574342, 1537349019),
(26, 1, 'ä¼šå‘˜ç­‰çº§', 'admin/member/level', '{"page":"1","limit":"10"}', 'æµè§ˆæ•°æ®', 8, '127.0.0.1', 1536628283, 1536629718),
(27, 1, 'ä¼šå‘˜åˆ—è¡¨', 'admin/member/index', '[]', 'æµè§ˆæ•°æ®', 4, '127.0.0.1', 1536628286, 1536629715),
(28, 1, 'æ·»åŠ ä¼šå‘˜ç­‰çº§', 'admin/member/addlevel', '[]', 'æµè§ˆæ•°æ®', 2, '127.0.0.1', 1536628304, 1536629493),
(29, 1, 'æ·»åŠ ç®¡ç†å‘˜', 'admin/user/adduser', '[]', 'æµè§ˆæ•°æ®', 18, '127.0.0.1', 1536628318, 1537350823),
(30, 1, 'å¯¼å‡ºèœå•', 'admin/menu/export', '{"id":"1"}', 'æµè§ˆæ•°æ®', 1, '127.0.0.1', 1536628470, 1536628470),
(31, 1, 'æ·»åŠ èœå•', 'admin/menu/add', '{"pid":"1","mod":"admin"}', 'æµè§ˆæ•°æ®', 18, '127.0.0.1', 1536628614, 1537349141),
(32, 1, 'æ•°æ®åº“ç®¡ç†', 'admin/database/index', '[]', 'æµè§ˆæ•°æ®', 5, '127.0.0.1', 1536628686, 1536629998),
(33, 1, 'ä¼˜åŒ–æ•°æ®åº“', 'admin/database/optimize', '{"ids":"sup_admin_role"}', 'æµè§ˆæ•°æ®', 1, '127.0.0.1', 1536628742, 1536628742),
(34, 1, 'æ·»åŠ å¿«æ·èœå•', 'admin/menu/quick', '{"id":"209"}', 'æµè§ˆæ•°æ®', 4, '127.0.0.1', 1536629258, 1536838297),
(35, 1, 'æ·»åŠ ä¼šå‘˜', 'admin/member/add', '[]', 'æµè§ˆæ•°æ®', 1, '127.0.0.1', 1536629522, 1536629522),
(36, 1, 'åœ¨çº¿å‡çº§', 'admin/upgrade/index', '[]', 'æµè§ˆæ•°æ®', 1, '127.0.0.1', 1536629546, 1536629546),
(37, 1, 'çŠ¶æ€è®¾ç½®', 'admin/menu/status', '{"val":"1","table":"admin_menu","ids":"209"}', 'æµè§ˆæ•°æ®', 56, '127.0.0.1', 1536629606, 1537349291),
(38, 1, 'æ·»åŠ è§’è‰²', 'admin/user/addrole', '[]', 'æµè§ˆæ•°æ®', 11, '127.0.0.1', 1536629637, 1536838087),
(39, 1, 'æ·»åŠ è§’è‰²', 'admin/user/addrole', '{"name":"\\u5b66\\u6821\\u6743\\u9650","intro":"\\u67e5\\u770b\\u81ea\\u5df1\\u5b66\\u6821\\u7684\\u8001\\u5e08\\u548c\\u5e2e\\u6276\\u7684\\u5b66\\u751f","status":"1","auth":{"5":"2","30":"203","37":"209","38":"210","39":"211"},"id":""}', 'ä¿å­˜æ•°æ®', 3, '127.0.0.1', 1536629681, 1536837581),
(40, 1, 'ä¿®æ”¹ä¼šå‘˜', 'admin/member/edit', '{"id":"1000000"}', 'æµè§ˆæ•°æ®', 1, '127.0.0.1', 1536629818, 1536629818),
(41, 1, 'ä¿®æ”¹ä¼šå‘˜', 'admin/member/edit', '{"level_id":"1","username":"test","nick":"root","password":"123","email":"","mobile":"0","expire_time":"2018-09-29","status":"1","id":"1000000"}', 'ä¿å­˜æ•°æ®', 1, '127.0.0.1', 1536629854, 1536629854),
(42, 1, 'ä¿®æ”¹è§’è‰²', 'admin/user/editrole', '{"id":"2"}', 'æµè§ˆæ•°æ®', 10, '127.0.0.1', 1536631464, 1537349022),
(43, 1, 'ä¿®æ”¹èœå•', 'admin/menu/edit', '{"id":"209","mod":"admin"}', 'æµè§ˆæ•°æ®', 44, '127.0.0.1', 1536631972, 1537349537),
(44, 1, 'æ·»åŠ èœå•', 'admin/menu/add', '{"pid":"1","title":"\\u5e2e\\u6276\\u5b66\\u751f","icon":"aicon ai-huiyuandengji","url":"admin\\/student\\/add","param":"","status":"1","system":"1","nav":"1","id":"","module":"admin"}', 'ä¿å­˜æ•°æ®', 10, '127.0.0.1', 1536632432, 1536836867),
(45, 1, 'å­¦æ ¡', 'admin/School/index', '{"page":"1","limit":"10"}', 'æµè§ˆæ•°æ®', 458, '127.0.0.1', 1536632447, 1537521577),
(46, 1, 'ä¿®æ”¹èœå•', 'admin/menu/edit', '{"pid":"203","title":"\\u6559\\u5e08","icon":"aicon ai-huiyuanliebiao","url":"admin\\/teacher\\/index","param":"","status":"1","system":"1","nav":"1","id":"209","module":"admin"}', 'ä¿å­˜æ•°æ®', 9, '127.0.0.1', 1536633095, 1537349549),
(47, 1, 'æ’åºè®¾ç½®', 'admin/menu/sort', '{"val":"1","table":"admin_menu","ids":"203"}', 'ä¿å­˜æ•°æ®', 1, '127.0.0.1', 1536633305, 1536633305),
(48, 1, 'æ·»åŠ ', 'admin/school/addschool', '[]', 'æµè§ˆæ•°æ®', 48, '127.0.0.1', 1536634924, 1536895518),
(49, 1, 'æ·»åŠ ', 'admin/school/addschool', '{"title":"\\u5b9d\\u9e21\\u5927\\u5199","status":"1","id":""}', 'ä¿å­˜æ•°æ®', 37, '127.0.0.1', 1536636340, 1536825332),
(50, 1, 'æ·»åŠ ç®¡ç†å‘˜', 'admin/user/adduser', '{"role_id":"4","username":"ceshi","nick":"df","password":"123123","password_confirm":"123123","email":"789123","mobile":"798","status":"1","id":""}', 'ä¿å­˜æ•°æ®', 9, '127.0.0.1', 1536657779, 1537350919),
(51, 1, 'çŠ¶æ€è®¾ç½®', 'admin/user/status', '{"table":"admin_school","id":"1","val":"0"}', 'æµè§ˆæ•°æ®', 15, '127.0.0.1', 1536660867, 1536662818),
(52, 1, 'ä¿®æ”¹è§’è‰²', 'admin/user/editrole', '{"name":"\\u6559\\u5e08\\u89d2\\u8272","intro":"\\u67e5\\u770b\\u81ea\\u5df1\\u5e2e\\u6276\\u5b66\\u751f","status":"1","auth":{"0":"1","1":"4","3":"24","4":"105","5":"2","30":"203","39":"211"},"id":"3"}', 'ä¿å­˜æ•°æ®', 3, '127.0.0.1', 1536662382, 1536838186),
(53, 1, 'çŠ¶æ€è®¾ç½®', 'admin/school/status', '{"table":"admin_school","id":"3","val":"1"}', 'æµè§ˆæ•°æ®', 10, '127.0.0.1', 1536663403, 1536838324),
(54, 1, 'ä¿®æ”¹å­¦æ ¡', 'admin/school/editSchool', '{"id":"12"}', 'æµè§ˆæ•°æ®', 10, '127.0.0.1', 1536663812, 1536838422),
(55, 1, 'ä¿®æ”¹å­¦æ ¡', 'admin/school/editSchool', '{"title":"\\u67d0\\u5b66\\u6821123","status":"1","id":"1"}', 'ä¿å­˜æ•°æ®', 7, '127.0.0.1', 1536664359, 1536664886),
(56, 1, 'çŠ¶æ€è®¾ç½®', 'admin/school/status', '{"id":["2"],"table":"admin_school","val":"0"}', 'ä¿å­˜æ•°æ®', 3, '127.0.0.1', 1536665054, 1536665682),
(57, 1, 'åˆ é™¤å­¦æ ¡', 'admin/school/delschool', '{"id":"1"}', 'æµè§ˆæ•°æ®', 1, '127.0.0.1', 1536665506, 1536665506),
(58, 1, 'åˆ é™¤å­¦æ ¡', 'admin/school/delschool', '{"id":["2"]}', 'ä¿å­˜æ•°æ®', 1, '127.0.0.1', 1536665688, 1536665688),
(59, 1, 'æ¸…ç©ºç¼“å­˜', 'admin/index/clear', '[]', 'æµè§ˆæ•°æ®', 5, '127.0.0.1', 1536727604, 1537348609),
(60, 1, 'æ‰¹é‡å¯¼å…¥excel', 'admin/school/importSchool', '[]', 'æµè§ˆæ•°æ®', 4, '127.0.0.1', 1536730498, 1536730746),
(61, 1, 'æ‰¹é‡å¯¼å…¥å­¦æ ¡', 'admin/school/importSchool', '[]', 'æµè§ˆæ•°æ®', 69, '127.0.0.1', 1536730787, 1536899869),
(62, 1, 'æ‰¹é‡å¯¼å…¥å­¦æ ¡', 'admin/school/importSchool', '{"id":""}', 'ä¿å­˜æ•°æ®', 79, '127.0.0.1', 1536734515, 1536838410),
(63, 1, 'é™„ä»¶ä¸Šä¼ ', 'admin/annex/upload', '[]', 'æµè§ˆæ•°æ®', 2, '127.0.0.1', 1536736296, 1536736310),
(64, 1, 'ä¿®æ”¹ç®¡ç†å‘˜', 'admin/user/edituser', '{"id":"3"}', 'æµè§ˆæ•°æ®', 3, '127.0.0.1', 1536823621, 1536839758),
(65, 1, 'ä¿®æ”¹ç®¡ç†å‘˜', 'admin/user/edituser', '{"role_id":"2","username":"ssd","nick":"\\u5730\\u65b9","password":"","password_confirm":"","email":"","mobile":"","status":"1","auth":{"0":"1","1":"4","2":"25","3":"24","5":"2","6":"6","7":"12","8":"26","9":"27","10":"28","11":"29","12":"30","13":"31","14":"32","15":"13","16":"33","17":"34","18":"35","19":"36","20":"14","21":"37","22":"38","23":"39","24":"40","25":"41","30":"203","31":"202","32":"204","37":"209"},"id":"2"}', 'ä¿å­˜æ•°æ®', 1, '127.0.0.1', 1536823634, 1536823634),
(66, 1, 'æ•™å¸ˆ', 'admin/teacher/index', '{"page":"1","limit":"20"}', 'æµè§ˆæ•°æ®', 156, '127.0.0.1', 1536825021, 1537521575),
(67, 1, 'æ·»åŠ æ•™å¸ˆ', 'admin/teacher/addteacher', '[]', 'æµè§ˆæ•°æ®', 26, '127.0.0.1', 1536830581, 1537350456),
(68, 1, 'æ·»åŠ æ•™å¸ˆ', 'admin/teacher/addteacher', '{"role_id":"3","username":"\\u5218\\u8001\\u5e08","nick":"\\u9ad8\\u7ea7\\u6559\\u5e08","email":"794227312@qq.com","mobile":"13521165109","birthday":"1992.3.26","status":"1","id":""}', 'ä¿å­˜æ•°æ®', 3, '127.0.0.1', 1536836475, 1537350760),
(69, 3, 'åå°é¦–é¡µ', 'admin/index/index', '[]', 'æµè§ˆæ•°æ®', 7, '127.0.0.1', 1536838203, 1536838222),
(70, 1, 'è®¾è®¡æ¨¡å—', 'admin/module/design', '[]', 'æµè§ˆæ•°æ®', 1, '127.0.0.1', 1536894587, 1536894587);

-- --------------------------------------------------------

--
-- è¡¨çš„ç»“æ„ `sup_admin_member`
--

CREATE TABLE IF NOT EXISTS `sup_admin_member` (
  `id` int(10) unsigned NOT NULL AUTO_INCREMENT,
  `level_id` int(10) unsigned NOT NULL DEFAULT '0' COMMENT 'ä¼šå‘˜ç­‰çº§ID',
  `nick` varchar(50) NOT NULL DEFAULT '' COMMENT 'æ˜µç§°',
  `username` varchar(30) NOT NULL DEFAULT '' COMMENT 'ç”¨æˆ·å',
  `mobile` bigint(11) unsigned NOT NULL DEFAULT '0' COMMENT 'æ‰‹æœºå·',
  `email` varchar(50) NOT NULL DEFAULT '' COMMENT 'é‚®ç®±',
  `password` varchar(128) NOT NULL COMMENT 'å¯†ç ',
  `money` decimal(10,2) unsigned NOT NULL DEFAULT '0.00' COMMENT 'å¯ç”¨é‡‘é¢',
  `frozen_money` decimal(10,2) unsigned NOT NULL DEFAULT '0.00' COMMENT 'å†»ç»“é‡‘é¢',
  `income` decimal(10,2) unsigned NOT NULL DEFAULT '0.00' COMMENT 'æ”¶å…¥ç»Ÿè®¡',
  `expend` decimal(10,2) unsigned NOT NULL DEFAULT '0.00' COMMENT 'å¼€æ”¯ç»Ÿè®¡',
  `exper` int(10) unsigned NOT NULL DEFAULT '0' COMMENT 'ç»éªŒå€¼',
  `integral` int(10) unsigned NOT NULL DEFAULT '0' COMMENT 'ç§¯åˆ†',
  `frozen_integral` int(10) unsigned NOT NULL DEFAULT '0' COMMENT 'å†»ç»“ç§¯åˆ†',
  `sex` tinyint(1) unsigned NOT NULL DEFAULT '1' COMMENT 'æ€§åˆ«(1ç”·ï¼Œ0å¥³)',
  `avatar` varchar(255) NOT NULL DEFAULT '' COMMENT 'å¤´åƒ',
  `last_login_ip` varchar(128) NOT NULL DEFAULT '' COMMENT 'æœ€åç™»é™†IP',
  `last_login_time` int(10) unsigned NOT NULL DEFAULT '0' COMMENT 'æœ€åç™»é™†æ—¶é—´',
  `login_count` int(10) unsigned NOT NULL DEFAULT '0' COMMENT 'ç™»é™†æ¬¡æ•°',
  `expire_time` int(10) unsigned NOT NULL DEFAULT '0' COMMENT 'åˆ°æœŸæ—¶é—´(0æ°¸ä¹…)',
  `status` tinyint(1) unsigned NOT NULL DEFAULT '1' COMMENT 'çŠ¶æ€(0ç¦ç”¨ï¼Œ1æ­£å¸¸)',
  `ctime` int(10) unsigned NOT NULL DEFAULT '0' COMMENT 'åˆ›å»ºæ—¶é—´',
  PRIMARY KEY (`id`)
) ENGINE=InnoDB  DEFAULT CHARSET=utf8 ROW_FORMAT=COMPACT COMMENT='[ç³»ç»Ÿ] ä¼šå‘˜è¡¨' AUTO_INCREMENT=1000001 ;

--
-- è½¬å­˜è¡¨ä¸­çš„æ•°æ® `sup_admin_member`
--

INSERT INTO `sup_admin_member` (`id`, `level_id`, `nick`, `username`, `mobile`, `email`, `password`, `money`, `frozen_money`, `income`, `expend`, `exper`, `integral`, `frozen_integral`, `sex`, `avatar`, `last_login_ip`, `last_login_time`, `login_count`, `expire_time`, `status`, `ctime`) VALUES
(1000000, 1, '', 'test', 0, '', '$2y$10$WC0mMyErW1u1JCLXDCbTIuagCceC/kKpjzvCf.cxrVKaxsrZLXrGe', '0.00', '0.00', '0.00', '0.00', 0, 0, 0, 1, '', '', 0, 0, 0, 1, 1493274686);

-- --------------------------------------------------------

--
-- è¡¨çš„ç»“æ„ `sup_admin_member_level`
--

CREATE TABLE IF NOT EXISTS `sup_admin_member_level` (
  `id` int(10) unsigned NOT NULL AUTO_INCREMENT,
  `name` varchar(80) NOT NULL COMMENT 'ç­‰çº§åç§°',
  `min_exper` int(10) unsigned NOT NULL DEFAULT '0' COMMENT 'æœ€å°ç»éªŒå€¼',
  `max_exper` int(10) unsigned NOT NULL DEFAULT '0' COMMENT 'æœ€å¤§ç»éªŒå€¼',
  `discount` int(2) unsigned NOT NULL DEFAULT '100' COMMENT 'æŠ˜æ‰£ç‡(%)',
  `intro` varchar(255) NOT NULL COMMENT 'ç­‰çº§ç®€ä»‹',
  `default` tinyint(1) unsigned NOT NULL DEFAULT '0' COMMENT 'é»˜è®¤ç­‰çº§',
  `expire` int(10) unsigned NOT NULL DEFAULT '0' COMMENT 'ä¼šå‘˜æœ‰æ•ˆæœŸ(å¤©)',
  `status` tinyint(1) unsigned NOT NULL DEFAULT '1',
  `ctime` int(10) unsigned NOT NULL DEFAULT '0',
  `mtime` int(10) unsigned NOT NULL DEFAULT '0',
  PRIMARY KEY (`id`)
) ENGINE=InnoDB  DEFAULT CHARSET=utf8 COMMENT='[ç³»ç»Ÿ] ä¼šå‘˜ç­‰çº§' AUTO_INCREMENT=2 ;

--
-- è½¬å­˜è¡¨ä¸­çš„æ•°æ® `sup_admin_member_level`
--

INSERT INTO `sup_admin_member_level` (`id`, `name`, `min_exper`, `max_exper`, `discount`, `intro`, `default`, `expire`, `status`, `ctime`, `mtime`) VALUES
(1, 'æ³¨å†Œä¼šå‘˜', 0, 0, 100, '', 1, 0, 1, 0, 1491966814);

-- --------------------------------------------------------

--
-- è¡¨çš„ç»“æ„ `sup_admin_menu`
--

CREATE TABLE IF NOT EXISTS `sup_admin_menu` (
  `id` int(10) unsigned NOT NULL AUTO_INCREMENT,
  `uid` int(5) unsigned NOT NULL DEFAULT '0' COMMENT 'ç®¡ç†å‘˜ID(å¿«æ·èœå•ä¸“ç”¨)',
  `pid` int(10) unsigned NOT NULL DEFAULT '0',
  `module` varchar(20) NOT NULL COMMENT 'æ¨¡å—åæˆ–æ’ä»¶åï¼Œæ’ä»¶åæ ¼å¼:plugins.æ’ä»¶å',
  `title` varchar(20) NOT NULL COMMENT 'èœå•æ ‡é¢˜',
  `icon` varchar(80) NOT NULL DEFAULT 'aicon ai-shezhi' COMMENT 'èœå•å›¾æ ‡',
  `url` varchar(200) NOT NULL COMMENT 'é“¾æ¥åœ°å€(æ¨¡å—/æ§åˆ¶å™¨/æ–¹æ³•)',
  `param` varchar(200) NOT NULL DEFAULT '' COMMENT 'æ‰©å±•å‚æ•°',
  `target` varchar(20) NOT NULL DEFAULT '_self' COMMENT 'æ‰“å¼€æ–¹å¼(_blank,_self)',
  `sort` int(10) unsigned NOT NULL DEFAULT '0' COMMENT 'æ’åº',
  `debug` tinyint(1) unsigned NOT NULL DEFAULT '0' COMMENT 'å¼€å‘æ¨¡å¼å¯è§',
  `system` tinyint(1) unsigned NOT NULL DEFAULT '0' COMMENT 'æ˜¯å¦ä¸ºç³»ç»Ÿèœå•ï¼Œç³»ç»Ÿèœå•ä¸å¯åˆ é™¤',
  `nav` tinyint(1) unsigned NOT NULL DEFAULT '1' COMMENT 'æ˜¯å¦ä¸ºèœå•æ˜¾ç¤ºï¼Œ1æ˜¾ç¤º0ä¸æ˜¾ç¤º',
  `status` tinyint(1) unsigned NOT NULL DEFAULT '1' COMMENT 'çŠ¶æ€1æ˜¾ç¤ºï¼Œ0éšè—',
  `ctime` int(10) unsigned NOT NULL DEFAULT '0',
  PRIMARY KEY (`id`)
) ENGINE=InnoDB  DEFAULT CHARSET=utf8 ROW_FORMAT=COMPACT COMMENT='[ç³»ç»Ÿ] ç®¡ç†èœå•' AUTO_INCREMENT=213 ;

--
-- è½¬å­˜è¡¨ä¸­çš„æ•°æ® `sup_admin_menu`
--

INSERT INTO `sup_admin_menu` (`id`, `uid`, `pid`, `module`, `title`, `icon`, `url`, `param`, `target`, `sort`, `debug`, `system`, `nav`, `status`, `ctime`) VALUES
(1, 0, 0, 'admin', 'é¦–é¡µ', '', 'admin/index', '', '_self', 0, 0, 1, 1, 1, 1490315067),
(2, 0, 0, 'admin', 'ç³»ç»Ÿ', '', 'admin/system', '', '_self', 0, 0, 1, 1, 1, 1490315067),
(3, 0, 0, 'admin', 'æ’ä»¶', 'aicon ai-shezhi', 'admin/plugins', '', '_self', 0, 0, 1, 1, 0, 1490315067),
(4, 0, 1, 'admin', 'å¿«æ·èœå•', 'aicon ai-caidan', 'admin/quick', '', '_self', 0, 0, 1, 1, 1, 1490315067),
(5, 0, 3, 'admin', 'æ’ä»¶åˆ—è¡¨', 'aicon ai-mokuaiguanli', 'admin/plugins', '', '_self', 0, 0, 1, 1, 0, 1490315067),
(6, 0, 2, 'admin', 'ç³»ç»ŸåŠŸèƒ½', 'aicon ai-gongneng', 'admin/system', '', '_self', 1, 0, 1, 1, 1, 1490315067),
(7, 0, 2, 'admin', 'ä¼šå‘˜ç®¡ç†', 'aicon ai-huiyuanliebiao', 'admin/member', '', '_self', 2, 0, 1, 1, 0, 1490315067),
(8, 0, 2, 'admin', 'ç³»ç»Ÿæ‰©å±•', 'aicon ai-shezhi', 'admin/extend', '', '_self', 3, 0, 1, 1, 0, 1490315067),
(9, 0, 2, 'admin', 'é¢„ç•™å ä½', '', '', '', '_self', 4, 1, 1, 1, 0, 1490315067),
(10, 0, 6, 'admin', 'ç³»ç»Ÿè®¾ç½®', 'aicon ai-icon01', 'admin/system/index', '', '_self', 1, 0, 1, 1, 0, 1490315067),
(11, 0, 6, 'admin', 'é…ç½®ç®¡ç†', 'aicon ai-peizhiguanli', 'admin/config/index', '', '_self', 2, 0, 1, 1, 0, 1490315067),
(12, 0, 6, 'admin', 'ç³»ç»Ÿèœå•', 'aicon ai-systemmenu', 'admin/menu/index', '', '_self', 3, 0, 1, 1, 1, 1490315067),
(13, 0, 6, 'admin', 'ç®¡ç†å‘˜è§’è‰²', '', 'admin/user/role', '', '_self', 4, 0, 1, 0, 1, 1490315067),
(14, 0, 6, 'admin', 'ç³»ç»Ÿç®¡ç†å‘˜', 'aicon ai-tubiao05', 'admin/user/index', '', '_self', 5, 0, 1, 1, 1, 1490315067),
(15, 0, 6, 'admin', 'ç³»ç»Ÿæ—¥å¿—', 'aicon ai-xitongrizhi-tiaoshi', 'admin/log/index', '', '_self', 6, 0, 1, 1, 0, 1490315067),
(16, 0, 6, 'admin', 'é™„ä»¶ç®¡ç†', '', 'admin/annex/index', '', '_self', 7, 0, 1, 0, 1, 1490315067),
(17, 0, 8, 'admin', 'æ¨¡å—ç®¡ç†', 'aicon ai-mokuaiguanli1', 'admin/module/index', '', '_self', 1, 0, 1, 1, 1, 1490315067),
(18, 0, 8, 'admin', 'æ’ä»¶ç®¡ç†', 'aicon ai-chajianguanli', 'admin/plugins/index', '', '_self', 2, 0, 1, 1, 0, 1490315067),
(19, 0, 8, 'admin', 'é’©å­ç®¡ç†', 'aicon ai-icon-test', 'admin/hook/index', '', '_self', 3, 0, 1, 1, 0, 1490315067),
(20, 0, 7, 'admin', 'ä¼šå‘˜ç­‰çº§', 'aicon ai-huiyuandengji', 'admin/member/level', '', '_self', 1, 0, 1, 1, 1, 1490315067),
(21, 0, 7, 'admin', 'ä¼šå‘˜åˆ—è¡¨', 'aicon ai-huiyuanliebiao', 'admin/member/index', '', '_self', 2, 0, 1, 1, 1, 1490315067),
(22, 0, 9, 'admin', 'é¢„ç•™å ä½', '', '', '', '_self', 1, 1, 1, 1, 0, 1490315067),
(23, 0, 9, 'admin', 'é¢„ç•™å ä½', '', '', '', '_self', 2, 1, 1, 1, 0, 1490315067),
(24, 0, 4, 'admin', 'åå°é¦–é¡µ', '', 'admin/index/index', '', '_self', 100, 0, 1, 0, 1, 1490315067),
(25, 0, 4, 'admin', 'æ¸…ç©ºç¼“å­˜', '', 'admin/index/clear', '', '_self', 2, 0, 1, 0, 1, 1490315067),
(26, 0, 12, 'admin', 'æ·»åŠ èœå•', '', 'admin/menu/add', '', '_self', 1, 0, 1, 1, 1, 1490315067),
(27, 0, 12, 'admin', 'ä¿®æ”¹èœå•', '', 'admin/menu/edit', '', '_self', 2, 0, 1, 1, 1, 1490315067),
(28, 0, 12, 'admin', 'åˆ é™¤èœå•', '', 'admin/menu/del', '', '_self', 3, 0, 1, 1, 1, 1490315067),
(29, 0, 12, 'admin', 'çŠ¶æ€è®¾ç½®', '', 'admin/menu/status', '', '_self', 4, 0, 1, 1, 1, 1490315067),
(30, 0, 12, 'admin', 'æ’åºè®¾ç½®', '', 'admin/menu/sort', '', '_self', 5, 0, 1, 1, 1, 1490315067),
(31, 0, 12, 'admin', 'æ·»åŠ å¿«æ·èœå•', '', 'admin/menu/quick', '', '_self', 6, 0, 1, 1, 1, 1490315067),
(32, 0, 12, 'admin', 'å¯¼å‡ºèœå•', '', 'admin/menu/export', '', '_self', 7, 0, 1, 1, 1, 1490315067),
(33, 0, 13, 'admin', 'æ·»åŠ è§’è‰²', '', 'admin/user/addrole', '', '_self', 1, 0, 1, 1, 1, 1490315067),
(34, 0, 13, 'admin', 'ä¿®æ”¹è§’è‰²', '', 'admin/user/editrole', '', '_self', 2, 0, 1, 1, 1, 1490315067),
(35, 0, 13, 'admin', 'åˆ é™¤è§’è‰²', '', 'admin/user/delrole', '', '_self', 3, 0, 1, 1, 1, 1490315067),
(36, 0, 13, 'admin', 'çŠ¶æ€è®¾ç½®', '', 'admin/user/status', '', '_self', 4, 0, 1, 1, 1, 1490315067),
(37, 0, 14, 'admin', 'æ·»åŠ ç®¡ç†å‘˜', '', 'admin/user/adduser', '', '_self', 1, 0, 1, 1, 1, 1490315067),
(38, 0, 14, 'admin', 'ä¿®æ”¹ç®¡ç†å‘˜', '', 'admin/user/edituser', '', '_self', 2, 0, 1, 1, 1, 1490315067),
(39, 0, 14, 'admin', 'åˆ é™¤ç®¡ç†å‘˜', '', 'admin/user/deluser', '', '_self', 3, 0, 1, 1, 1, 1490315067),
(40, 0, 14, 'admin', 'çŠ¶æ€è®¾ç½®', '', 'admin/user/status', '', '_self', 4, 0, 1, 1, 1, 1490315067),
(41, 0, 14, 'admin', 'ä¸ªäººä¿¡æ¯è®¾ç½®', '', 'admin/user/info', '', '_self', 5, 0, 1, 1, 1, 1490315067),
(42, 0, 18, 'admin', 'å®‰è£…æ’ä»¶', '', 'admin/plugins/install', '', '_self', 1, 0, 1, 1, 1, 1490315067),
(43, 0, 18, 'admin', 'å¸è½½æ’ä»¶', '', 'admin/plugins/uninstall', '', '_self', 2, 0, 1, 1, 1, 1490315067),
(44, 0, 18, 'admin', 'åˆ é™¤æ’ä»¶', '', 'admin/plugins/del', '', '_self', 3, 0, 1, 1, 1, 1490315067),
(45, 0, 18, 'admin', 'çŠ¶æ€è®¾ç½®', '', 'admin/plugins/status', '', '_self', 4, 0, 1, 1, 1, 1490315067),
(46, 0, 18, 'admin', 'è®¾è®¡æ’ä»¶', '', 'admin/plugins/design', '', '_self', 5, 0, 1, 1, 1, 1490315067),
(47, 0, 18, 'admin', 'è¿è¡Œæ’ä»¶', '', 'admin/plugins/run', '', '_self', 6, 0, 1, 1, 1, 1490315067),
(48, 0, 18, 'admin', 'æ›´æ–°æ’ä»¶', '', 'admin/plugins/update', '', '_self', 7, 0, 1, 1, 1, 1490315067),
(49, 0, 18, 'admin', 'æ’ä»¶é…ç½®', '', 'admin/plugins/setting', '', '_self', 8, 0, 1, 1, 1, 1490315067),
(50, 0, 19, 'admin', 'æ·»åŠ é’©å­', '', 'admin/hook/add', '', '_self', 1, 0, 1, 1, 1, 1490315067),
(51, 0, 19, 'admin', 'ä¿®æ”¹é’©å­', '', 'admin/hook/edit', '', '_self', 2, 0, 1, 1, 1, 1490315067),
(52, 0, 19, 'admin', 'åˆ é™¤é’©å­', '', 'admin/hook/del', '', '_self', 3, 0, 1, 1, 1, 1490315067),
(53, 0, 19, 'admin', 'çŠ¶æ€è®¾ç½®', '', 'admin/hook/status', '', '_self', 4, 0, 1, 1, 1, 1490315067),
(54, 0, 19, 'admin', 'æ’ä»¶æ’åº', '', 'admin/hook/sort', '', '_self', 5, 0, 1, 1, 1, 1490315067),
(55, 0, 11, 'admin', 'æ·»åŠ é…ç½®', '', 'admin/config/add', '', '_self', 1, 0, 1, 1, 1, 1490315067),
(56, 0, 11, 'admin', 'ä¿®æ”¹é…ç½®', '', 'admin/config/edit', '', '_self', 2, 0, 1, 1, 1, 1490315067),
(57, 0, 11, 'admin', 'åˆ é™¤é…ç½®', '', 'admin/config/del', '', '_self', 3, 0, 1, 1, 1, 1490315067),
(58, 0, 11, 'admin', 'çŠ¶æ€è®¾ç½®', '', 'admin/config/status', '', '_self', 4, 0, 1, 1, 1, 1490315067),
(59, 0, 11, 'admin', 'æ’åºè®¾ç½®', '', 'admin/config/sort', '', '_self', 5, 0, 1, 1, 1, 1490315067),
(60, 0, 10, 'admin', 'åŸºç¡€é…ç½®', '', 'admin/system/index', 'group=base', '_self', 1, 0, 1, 1, 0, 1490315067),
(61, 0, 10, 'admin', 'ç³»ç»Ÿé…ç½®', '', 'admin/system/index', 'group=sys', '_self', 2, 0, 1, 1, 0, 1490315067),
(62, 0, 10, 'admin', 'ä¸Šä¼ é…ç½®', '', 'admin/system/index', 'group=upload', '_self', 3, 0, 1, 1, 0, 1490315067),
(63, 0, 10, 'admin', 'å¼€å‘é…ç½®', '', 'admin/system/index', 'group=develop', '_self', 4, 0, 1, 1, 0, 1490315067),
(64, 0, 17, 'admin', 'è®¾è®¡æ¨¡å—', '', 'admin/module/design', '', '_self', 6, 1, 1, 1, 1, 1490315067),
(65, 0, 17, 'admin', 'å®‰è£…æ¨¡å—', '', 'admin/module/install', '', '_self', 1, 0, 1, 1, 1, 1490315067),
(66, 0, 17, 'admin', 'å¸è½½æ¨¡å—', '', 'admin/module/uninstall', '', '_self', 2, 0, 1, 1, 1, 1490315067),
(67, 0, 17, 'admin', 'çŠ¶æ€è®¾ç½®', '', 'admin/module/status', '', '_self', 3, 0, 1, 1, 1, 1490315067),
(68, 0, 17, 'admin', 'è®¾ç½®é»˜è®¤æ¨¡å—', '', 'admin/module/setdefault', '', '_self', 4, 0, 1, 1, 1, 1490315067),
(69, 0, 17, 'admin', 'åˆ é™¤æ¨¡å—', '', 'admin/module/del', '', '_self', 5, 0, 1, 1, 1, 1490315067),
(70, 0, 21, 'admin', 'æ·»åŠ ä¼šå‘˜', '', 'admin/member/add', '', '_self', 1, 0, 1, 1, 1, 1490315067),
(71, 0, 21, 'admin', 'ä¿®æ”¹ä¼šå‘˜', '', 'admin/member/edit', '', '_self', 2, 0, 1, 1, 1, 1490315067),
(72, 0, 21, 'admin', 'åˆ é™¤ä¼šå‘˜', '', 'admin/member/del', '', '_self', 3, 0, 1, 1, 1, 1490315067),
(73, 0, 21, 'admin', 'çŠ¶æ€è®¾ç½®', '', 'admin/member/status', '', '_self', 4, 0, 1, 1, 1, 1490315067),
(74, 0, 21, 'admin', '[å¼¹çª—]ä¼šå‘˜é€‰æ‹©', '', 'admin/member/pop', '', '_self', 5, 0, 1, 1, 1, 1490315067),
(75, 0, 20, 'admin', 'æ·»åŠ ä¼šå‘˜ç­‰çº§', '', 'admin/member/addlevel', '', '_self', 0, 0, 1, 1, 1, 1490315067),
(76, 0, 20, 'admin', 'ä¿®æ”¹ä¼šå‘˜ç­‰çº§', '', 'admin/member/editlevel', '', '_self', 0, 0, 1, 1, 1, 1490315067),
(77, 0, 20, 'admin', 'åˆ é™¤ä¼šå‘˜ç­‰çº§', '', 'admin/member/dellevel', '', '_self', 0, 0, 1, 1, 1, 1490315067),
(78, 0, 16, 'admin', 'é™„ä»¶ä¸Šä¼ ', '', 'admin/annex/upload', '', '_self', 1, 0, 1, 1, 1, 1490315067),
(79, 0, 16, 'admin', 'åˆ é™¤é™„ä»¶', '', 'admin/annex/del', '', '_self', 2, 0, 1, 1, 1, 1490315067),
(80, 0, 8, 'admin', 'åœ¨çº¿å‡çº§', 'aicon ai-iconfontshengji', 'admin/upgrade/index', '', '_self', 4, 0, 1, 1, 0, 1491352728),
(81, 0, 80, 'admin', 'è·å–å‡çº§åˆ—è¡¨', '', 'admin/upgrade/lists', '', '_self', 0, 0, 1, 1, 1, 1491353504),
(82, 0, 80, 'admin', 'å®‰è£…å‡çº§åŒ…', '', 'admin/upgrade/install', '', '_self', 0, 0, 1, 1, 1, 1491353568),
(83, 0, 80, 'admin', 'ä¸‹è½½å‡çº§åŒ…', '', 'admin/upgrade/download', '', '_self', 0, 0, 1, 1, 1, 1491395830),
(84, 0, 6, 'admin', 'æ•°æ®åº“ç®¡ç†', 'aicon ai-shujukuguanli', 'admin/database/index', '', '_self', 8, 0, 1, 1, 0, 1491461136),
(85, 0, 84, 'admin', 'å¤‡ä»½æ•°æ®åº“', '', 'admin/database/export', '', '_self', 0, 0, 1, 1, 1, 1491461250),
(86, 0, 84, 'admin', 'æ¢å¤æ•°æ®åº“', '', 'admin/database/import', '', '_self', 0, 0, 1, 1, 1, 1491461315),
(87, 0, 84, 'admin', 'ä¼˜åŒ–æ•°æ®åº“', '', 'admin/database/optimize', '', '_self', 0, 0, 1, 1, 1, 1491467000),
(88, 0, 84, 'admin', 'åˆ é™¤å¤‡ä»½', '', 'admin/database/del', '', '_self', 0, 0, 1, 1, 1, 1491467058),
(89, 0, 84, 'admin', 'ä¿®å¤æ•°æ®åº“', '', 'admin/database/repair', '', '_self', 0, 0, 1, 1, 1, 1491880879),
(90, 0, 21, 'admin', 'è®¾ç½®é»˜è®¤ç­‰çº§', '', 'admin/member/setdefault', '', '_self', 0, 0, 1, 1, 1, 1491966585),
(91, 0, 10, 'admin', 'æ•°æ®åº“é…ç½®', '', 'admin/system/index', 'group=databases', '_self', 5, 0, 1, 0, 0, 1492072213),
(92, 0, 17, 'admin', 'æ¨¡å—æ‰“åŒ…', '', 'admin/module/package', '', '_self', 7, 0, 1, 1, 1, 1492134693),
(93, 0, 18, 'admin', 'æ’ä»¶æ‰“åŒ…', '', 'admin/plugins/package', '', '_self', 0, 0, 1, 1, 1, 1492134743),
(94, 0, 17, 'admin', 'ä¸»é¢˜ç®¡ç†', '', 'admin/module/theme', '', '_self', 8, 0, 1, 1, 1, 1492433470),
(95, 0, 17, 'admin', 'è®¾ç½®é»˜è®¤ä¸»é¢˜', '', 'admin/module/setdefaulttheme', '', '_self', 9, 0, 1, 1, 1, 1492433618),
(96, 0, 17, 'admin', 'åˆ é™¤ä¸»é¢˜', '', 'admin/module/deltheme', '', '_self', 10, 0, 1, 1, 1, 1490315067),
(97, 0, 6, 'admin', 'è¯­è¨€åŒ…ç®¡ç†', '', 'admin/language/index', '', '_self', 11, 0, 1, 0, 0, 1490315067),
(98, 0, 97, 'admin', 'æ·»åŠ è¯­è¨€åŒ…', '', 'admin/language/add', '', '_self', 100, 0, 1, 0, 1, 1490315067),
(99, 0, 97, 'admin', 'ä¿®æ”¹è¯­è¨€åŒ…', '', 'admin/language/edit', '', '_self', 100, 0, 1, 0, 1, 1490315067),
(100, 0, 97, 'admin', 'åˆ é™¤è¯­è¨€åŒ…', '', 'admin/language/del', '', '_self', 100, 0, 1, 0, 1, 1490315067),
(101, 0, 97, 'admin', 'æ’åºè®¾ç½®', '', 'admin/language/sort', '', '_self', 100, 0, 1, 0, 1, 1490315067),
(102, 0, 97, 'admin', 'çŠ¶æ€è®¾ç½®', '', 'admin/language/status', '', '_self', 100, 0, 1, 0, 1, 1490315067),
(103, 0, 16, 'admin', 'æ”¶è—å¤¹å›¾æ ‡ä¸Šä¼ ', '', 'admin/annex/favicon', '', '_self', 3, 0, 1, 0, 1, 1490315067),
(104, 0, 17, 'admin', 'å¯¼å…¥æ¨¡å—', '', 'admin/module/import', '', '_self', 11, 0, 1, 0, 1, 1490315067),
(105, 0, 4, 'admin', 'åå°é¦–é¡µ', '', 'admin/index/welcome', '', '_self', 100, 0, 1, 0, 1, 1490315067),
(106, 0, 4, 'admin', 'å¸ƒå±€åˆ‡æ¢', '', 'admin/user/iframe', '', '_self', 100, 0, 1, 0, 0, 1490315067),
(107, 0, 15, 'admin', 'åˆ é™¤æ—¥å¿—', '', 'admin/log/del', 'table=admin_log', '_self', 100, 0, 1, 0, 1, 1490315067),
(108, 0, 15, 'admin', 'æ¸…ç©ºæ—¥å¿—', '', 'admin/log/clear', '', '_self', 100, 0, 1, 0, 1, 1490315067),
(109, 0, 17, 'admin', 'ç¼–è¾‘æ¨¡å—', '', 'admin/module/edit', '', '_self', 100, 0, 1, 0, 1, 1490315067),
(110, 0, 17, 'admin', 'æ¨¡å—å›¾æ ‡ä¸Šä¼ ', '', 'admin/module/icon', '', '_self', 100, 0, 1, 0, 1, 1490315067),
(111, 0, 18, 'admin', 'å¯¼å…¥æ’ä»¶', '', 'admin/plugins/import', '', '_self', 100, 0, 1, 0, 1, 1490315067),
(112, 0, 19, 'admin', 'é’©å­æ’ä»¶çŠ¶æ€', '', 'admin/hook/hookPluginsStatus', '', '_self', 100, 0, 1, 0, 1, 1490315067),
(113, 0, 4, 'admin', 'è®¾ç½®ä¸»é¢˜', '', 'admin/user/setTheme', '', '_self', 100, 0, 1, 0, 0, 1490315067),
(114, 0, 4, 'admin', 'é¢„ç•™å ä½', '', '', '', '_self', 100, 0, 1, 1, 0, 1490315067),
(115, 0, 4, 'admin', 'é¢„ç•™å ä½', '', '', '', '_self', 100, 0, 1, 1, 0, 1490315067),
(116, 0, 4, 'admin', 'é¢„ç•™å ä½', '', '', '', '_self', 100, 0, 1, 1, 0, 1490315067),
(117, 0, 4, 'admin', 'é¢„ç•™å ä½', '', '', '', '_self', 100, 0, 1, 1, 0, 1490315067),
(118, 0, 4, 'admin', 'é¢„ç•™å ä½', '', '', '', '_self', 100, 0, 1, 1, 0, 1490315067),
(119, 0, 4, 'admin', 'é¢„ç•™å ä½', '', '', '', '_self', 100, 0, 1, 1, 0, 1490315067),
(120, 0, 4, 'admin', 'é¢„ç•™å ä½', '', '', '', '_self', 100, 0, 1, 1, 0, 1490315067),
(121, 0, 4, 'admin', 'é¢„ç•™å ä½', '', '', '', '_self', 100, 0, 1, 1, 0, 1490315067),
(122, 0, 4, 'admin', 'é¢„ç•™å ä½', '', '', '', '_self', 100, 0, 1, 1, 0, 1490315067),
(123, 0, 4, 'admin', 'é¢„ç•™å ä½', '', '', '', '_self', 100, 0, 1, 1, 0, 1490315067),
(124, 0, 4, 'admin', 'é¢„ç•™å ä½', '', '', '', '_self', 100, 0, 1, 1, 0, 1490315067),
(125, 0, 4, 'admin', 'é¢„ç•™å ä½', '', '', '', '_self', 100, 0, 1, 1, 0, 1490315067),
(126, 0, 4, 'admin', 'é¢„ç•™å ä½', '', '', '', '_self', 100, 0, 1, 1, 0, 1490315067),
(127, 0, 4, 'admin', 'é¢„ç•™å ä½', '', '', '', '_self', 100, 0, 1, 1, 0, 1490315067),
(128, 0, 4, 'admin', 'é¢„ç•™å ä½', '', '', '', '_self', 100, 0, 1, 1, 0, 1490315067),
(129, 0, 4, 'admin', 'é¢„ç•™å ä½', '', '', '', '_self', 100, 0, 1, 1, 0, 1490315067),
(130, 0, 4, 'admin', 'é¢„ç•™å ä½', '', '', '', '_self', 100, 0, 1, 1, 0, 1490315067),
(131, 0, 4, 'admin', 'é¢„ç•™å ä½', '', '', '', '_self', 100, 0, 1, 1, 0, 1490315067),
(132, 0, 4, 'admin', 'é¢„ç•™å ä½', '', '', '', '_self', 100, 0, 1, 1, 0, 1490315067),
(133, 0, 4, 'admin', 'é¢„ç•™å ä½', '', '', '', '_self', 100, 0, 1, 1, 0, 1490315067),
(134, 0, 4, 'admin', 'é¢„ç•™å ä½', '', '', '', '_self', 100, 0, 1, 1, 0, 1490315067),
(135, 0, 4, 'admin', 'é¢„ç•™å ä½', '', '', '', '_self', 100, 0, 1, 1, 0, 1490315067),
(136, 0, 4, 'admin', 'é¢„ç•™å ä½', '', '', '', '_self', 100, 0, 1, 1, 0, 1490315067),
(137, 0, 4, 'admin', 'é¢„ç•™å ä½', '', '', '', '_self', 100, 0, 1, 1, 0, 1490315067),
(138, 0, 4, 'admin', 'é¢„ç•™å ä½', '', '', '', '_self', 100, 0, 1, 1, 0, 1490315067),
(139, 0, 4, 'admin', 'é¢„ç•™å ä½', '', '', '', '_self', 100, 0, 1, 1, 0, 1490315067),
(140, 0, 4, 'admin', 'é¢„ç•™å ä½', '', '', '', '_self', 100, 0, 1, 1, 0, 1490315067),
(141, 0, 4, 'admin', 'é¢„ç•™å ä½', '', '', '', '_self', 100, 0, 1, 1, 0, 1490315067),
(142, 0, 4, 'admin', 'é¢„ç•™å ä½', '', '', '', '_self', 100, 0, 1, 1, 0, 1490315067),
(143, 0, 4, 'admin', 'é¢„ç•™å ä½', '', '', '', '_self', 100, 0, 1, 1, 0, 1490315067),
(144, 0, 4, 'admin', 'é¢„ç•™å ä½', '', '', '', '_self', 100, 0, 1, 1, 0, 1490315067),
(145, 0, 4, 'admin', 'é¢„ç•™å ä½', '', '', '', '_self', 100, 0, 1, 1, 0, 1490315067),
(146, 0, 4, 'admin', 'é¢„ç•™å ä½', '', '', '', '_self', 100, 0, 1, 1, 0, 1490315067),
(147, 0, 4, 'admin', 'é¢„ç•™å ä½', '', '', '', '_self', 100, 0, 1, 1, 0, 1490315067),
(148, 0, 4, 'admin', 'é¢„ç•™å ä½', '', '', '', '_self', 100, 0, 1, 1, 0, 1490315067),
(149, 0, 4, 'admin', 'é¢„ç•™å ä½', '', '', '', '_self', 100, 0, 1, 1, 0, 1490315067),
(150, 0, 4, 'admin', 'é¢„ç•™å ä½', '', '', '', '_self', 100, 0, 1, 1, 0, 1490315067),
(151, 0, 4, 'admin', 'é¢„ç•™å ä½', '', '', '', '_self', 100, 0, 1, 1, 0, 1490315067),
(152, 0, 4, 'admin', 'é¢„ç•™å ä½', '', '', '', '_self', 100, 0, 1, 1, 0, 1490315067),
(153, 0, 4, 'admin', 'é¢„ç•™å ä½', '', '', '', '_self', 100, 0, 1, 1, 0, 1490315067),
(154, 0, 4, 'admin', 'é¢„ç•™å ä½', '', '', '', '_self', 100, 0, 1, 1, 0, 1490315067),
(155, 0, 4, 'admin', 'é¢„ç•™å ä½', '', '', '', '_self', 100, 0, 1, 1, 0, 1490315067),
(156, 0, 4, 'admin', 'é¢„ç•™å ä½', '', '', '', '_self', 100, 0, 1, 1, 0, 1490315067),
(157, 0, 4, 'admin', 'é¢„ç•™å ä½', '', '', '', '_self', 100, 0, 1, 1, 0, 1490315067),
(158, 0, 4, 'admin', 'é¢„ç•™å ä½', '', '', '', '_self', 100, 0, 1, 1, 0, 1490315067),
(159, 0, 4, 'admin', 'é¢„ç•™å ä½', '', '', '', '_self', 100, 0, 1, 1, 0, 1490315067),
(160, 0, 4, 'admin', 'é¢„ç•™å ä½', '', '', '', '_self', 100, 0, 1, 1, 0, 1490315067),
(161, 0, 4, 'admin', 'é¢„ç•™å ä½', '', '', '', '_self', 100, 0, 1, 1, 0, 1490315067),
(162, 0, 4, 'admin', 'é¢„ç•™å ä½', '', '', '', '_self', 100, 0, 1, 1, 0, 1490315067),
(163, 0, 4, 'admin', 'é¢„ç•™å ä½', '', '', '', '_self', 100, 0, 1, 1, 0, 1490315067),
(164, 0, 4, 'admin', 'é¢„ç•™å ä½', '', '', '', '_self', 100, 0, 1, 1, 0, 1490315067),
(165, 0, 4, 'admin', 'é¢„ç•™å ä½', '', '', '', '_self', 100, 0, 1, 1, 0, 1490315067),
(166, 0, 4, 'admin', 'é¢„ç•™å ä½', '', '', '', '_self', 100, 0, 1, 1, 0, 1490315067),
(167, 0, 4, 'admin', 'é¢„ç•™å ä½', '', '', '', '_self', 100, 0, 1, 1, 0, 1490315067),
(168, 0, 4, 'admin', 'é¢„ç•™å ä½', '', '', '', '_self', 100, 0, 1, 1, 0, 1490315067),
(169, 0, 4, 'admin', 'é¢„ç•™å ä½', '', '', '', '_self', 100, 0, 1, 1, 0, 1490315067),
(170, 0, 4, 'admin', 'é¢„ç•™å ä½', '', '', '', '_self', 100, 0, 1, 1, 0, 1490315067),
(171, 0, 4, 'admin', 'é¢„ç•™å ä½', '', '', '', '_self', 100, 0, 1, 1, 0, 1490315067),
(172, 0, 4, 'admin', 'é¢„ç•™å ä½', '', '', '', '_self', 100, 0, 1, 1, 0, 1490315067),
(173, 0, 4, 'admin', 'é¢„ç•™å ä½', '', '', '', '_self', 100, 0, 1, 1, 0, 1490315067),
(174, 0, 4, 'admin', 'é¢„ç•™å ä½', '', '', '', '_self', 100, 0, 1, 1, 0, 1490315067),
(175, 0, 4, 'admin', 'é¢„ç•™å ä½', '', '', '', '_self', 100, 0, 1, 1, 0, 1490315067),
(176, 0, 4, 'admin', 'é¢„ç•™å ä½', '', '', '', '_self', 100, 0, 1, 1, 0, 1490315067),
(177, 0, 4, 'admin', 'é¢„ç•™å ä½', '', '', '', '_self', 100, 0, 1, 1, 0, 1490315067),
(178, 0, 4, 'admin', 'é¢„ç•™å ä½', '', '', '', '_self', 100, 0, 1, 1, 0, 1490315067),
(179, 0, 4, 'admin', 'é¢„ç•™å ä½', '', '', '', '_self', 100, 0, 1, 1, 0, 1490315067),
(180, 0, 4, 'admin', 'é¢„ç•™å ä½', '', '', '', '_self', 100, 0, 1, 1, 0, 1490315067),
(181, 0, 4, 'admin', 'é¢„ç•™å ä½', '', '', '', '_self', 100, 0, 1, 1, 0, 1490315067),
(182, 0, 4, 'admin', 'é¢„ç•™å ä½', '', '', '', '_self', 100, 0, 1, 1, 0, 1490315067),
(183, 0, 4, 'admin', 'é¢„ç•™å ä½', '', '', '', '_self', 100, 0, 1, 1, 0, 1490315067),
(184, 0, 4, 'admin', 'é¢„ç•™å ä½', '', '', '', '_self', 100, 0, 1, 1, 0, 1490315067),
(185, 0, 4, 'admin', 'é¢„ç•™å ä½', '', '', '', '_self', 100, 0, 1, 1, 0, 1490315067),
(186, 0, 4, 'admin', 'é¢„ç•™å ä½', '', '', '', '_self', 100, 0, 1, 1, 0, 1490315067),
(187, 0, 4, 'admin', 'é¢„ç•™å ä½', '', '', '', '_self', 100, 0, 1, 1, 0, 1490315067),
(188, 0, 4, 'admin', 'é¢„ç•™å ä½', '', '', '', '_self', 100, 0, 1, 1, 0, 1490315067),
(189, 0, 4, 'admin', 'é¢„ç•™å ä½', '', '', '', '_self', 100, 0, 1, 1, 0, 1490315067),
(190, 0, 4, 'admin', 'é¢„ç•™å ä½', '', '', '', '_self', 100, 0, 1, 1, 0, 1490315067),
(191, 0, 4, 'admin', 'é¢„ç•™å ä½', '', '', '', '_self', 100, 0, 1, 1, 0, 1490315067),
(192, 0, 4, 'admin', 'é¢„ç•™å ä½', '', '', '', '_self', 100, 0, 1, 1, 0, 1490315067),
(193, 0, 4, 'admin', 'é¢„ç•™å ä½', '', '', '', '_self', 100, 0, 1, 1, 0, 1490315067),
(194, 0, 4, 'admin', 'é¢„ç•™å ä½', '', '', '', '_self', 100, 0, 1, 1, 0, 1490315067),
(195, 0, 4, 'admin', 'é¢„ç•™å ä½', '', '', '', '_self', 100, 0, 1, 1, 0, 1490315067),
(196, 0, 4, 'admin', 'é¢„ç•™å ä½', '', '', '', '_self', 100, 0, 1, 1, 0, 1490315067),
(197, 0, 4, 'admin', 'é¢„ç•™å ä½', '', '', '', '_self', 100, 0, 1, 1, 0, 1490315067),
(198, 0, 4, 'admin', 'é¢„ç•™å ä½', '', '', '', '_self', 100, 0, 1, 1, 0, 1490315067),
(199, 0, 4, 'admin', 'é¢„ç•™å ä½', '', '', '', '_self', 100, 0, 1, 1, 0, 1490315067),
(200, 0, 4, 'admin', 'é¢„ç•™å ä½', '', '', '', '_self', 100, 0, 1, 1, 0, 1490315067),
(201, 1, 4, 'admin', 'ç³»ç»Ÿèœå•', 'aicon ai-systemmenu', 'admin/menu/index', '', '_self', 3, 0, 0, 1, 1, 1536629258),
(202, 0, 203, 'admin', 'å­¦æ ¡', 'aicon ai-shouyeshouye', 'admin/School/index', '', '_self', 0, 0, 0, 1, 1, 1536632432),
(203, 0, 2, 'admin', 'æ‰¶è´«åŠŸèƒ½', 'aicon ai-icon01', 'admin/school/index', '', '_self', 1, 0, 0, 1, 1, 1536633290),
(204, 0, 202, 'admin', 'æ·»åŠ ', '', 'admin/school/addschool', '', '_self', 0, 0, 1, 1, 1, 1536634914),
(205, 0, 202, 'admin', 'çŠ¶æ€è®¾ç½®', '', 'admin/school/status', '', '_self', 0, 0, 1, 1, 1, 1536663385),
(206, 0, 202, 'admin', 'ä¿®æ”¹å­¦æ ¡', '', 'admin/school/editSchool', '', '_self', 0, 0, 1, 1, 1, 1536663666),
(207, 0, 202, 'admin', 'åˆ é™¤å­¦æ ¡', '', 'admin/school/delschool', '', '_self', 0, 0, 1, 1, 1, 1536665191),
(208, 0, 202, 'admin', 'æ‰¹é‡å¯¼å…¥å­¦æ ¡', '', 'admin/school/importSchool', '', '_self', 0, 0, 1, 1, 1, 1536729958),
(209, 0, 203, 'admin', 'æ•™å¸ˆ', 'aicon ai-huiyuanliebiao', 'admin/teacher/index', '', '_self', 0, 0, 1, 1, 1, 1536823597),
(210, 0, 209, 'admin', 'æ·»åŠ æ•™å¸ˆ', '', 'admin/teacher/addteacher', '', '_self', 0, 0, 1, 1, 1, 1536830421),
(211, 0, 203, 'admin', 'å¸®æ‰¶å­¦ç”Ÿ', 'aicon ai-huiyuandengji', 'admin/student/add', '', '_self', 0, 0, 1, 1, 1, 1536836867);

-- --------------------------------------------------------

--
-- è¡¨çš„ç»“æ„ `sup_admin_menu_lang`
--

CREATE TABLE IF NOT EXISTS `sup_admin_menu_lang` (
  `id` int(11) unsigned NOT NULL AUTO_INCREMENT,
  `menu_id` int(11) unsigned NOT NULL DEFAULT '0',
  `title` varchar(120) NOT NULL DEFAULT '' COMMENT 'æ ‡é¢˜',
  `lang` tinyint(3) unsigned NOT NULL DEFAULT '1' COMMENT 'è¯­è¨€åŒ…',
  PRIMARY KEY (`id`)
) ENGINE=InnoDB  DEFAULT CHARSET=utf8 AUTO_INCREMENT=331 ;

--
-- è½¬å­˜è¡¨ä¸­çš„æ•°æ® `sup_admin_menu_lang`
--

INSERT INTO `sup_admin_menu_lang` (`id`, `menu_id`, `title`, `lang`) VALUES
(131, 1, 'é¦–é¡µ', 1),
(132, 2, 'ç³»ç»Ÿ', 1),
(133, 3, 'æ’ä»¶', 1),
(134, 4, 'å¿«æ·èœå•', 1),
(135, 5, 'æ’ä»¶åˆ—è¡¨', 1),
(136, 6, 'ç³»ç»ŸåŠŸèƒ½', 1),
(137, 7, 'ä¼šå‘˜ç®¡ç†', 1),
(138, 8, 'ç³»ç»Ÿæ‰©å±•', 1),
(139, 9, 'é¢„ç•™å ä½', 1),
(140, 10, 'ç³»ç»Ÿè®¾ç½®', 1),
(141, 11, 'é…ç½®ç®¡ç†', 1),
(142, 12, 'ç³»ç»Ÿèœå•', 1),
(143, 13, 'ç®¡ç†å‘˜è§’è‰²', 1),
(144, 14, 'ç³»ç»Ÿç®¡ç†å‘˜', 1),
(145, 15, 'ç³»ç»Ÿæ—¥å¿—', 1),
(146, 16, 'é™„ä»¶ç®¡ç†', 1),
(147, 17, 'æ¨¡å—ç®¡ç†', 1),
(148, 18, 'æ’ä»¶ç®¡ç†', 1),
(149, 19, 'é’©å­ç®¡ç†', 1),
(150, 20, 'ä¼šå‘˜ç­‰çº§', 1),
(151, 21, 'ä¼šå‘˜åˆ—è¡¨', 1),
(152, 22, 'é¢„ç•™å ä½', 1),
(153, 23, 'é¢„ç•™å ä½', 1),
(154, 24, 'åå°é¦–é¡µ', 1),
(155, 25, 'æ¸…ç©ºç¼“å­˜', 1),
(156, 26, 'æ·»åŠ èœå•', 1),
(157, 27, 'ä¿®æ”¹èœå•', 1),
(158, 28, 'åˆ é™¤èœå•', 1),
(159, 29, 'çŠ¶æ€è®¾ç½®', 1),
(160, 30, 'æ’åºè®¾ç½®', 1),
(161, 31, 'æ·»åŠ å¿«æ·èœå•', 1),
(162, 32, 'å¯¼å‡ºèœå•', 1),
(163, 33, 'æ·»åŠ è§’è‰²', 1),
(164, 34, 'ä¿®æ”¹è§’è‰²', 1),
(165, 35, 'åˆ é™¤è§’è‰²', 1),
(166, 36, 'çŠ¶æ€è®¾ç½®', 1),
(167, 37, 'æ·»åŠ ç®¡ç†å‘˜', 1),
(168, 38, 'ä¿®æ”¹ç®¡ç†å‘˜', 1),
(169, 39, 'åˆ é™¤ç®¡ç†å‘˜', 1),
(170, 40, 'çŠ¶æ€è®¾ç½®', 1),
(171, 41, 'ä¸ªäººä¿¡æ¯è®¾ç½®', 1),
(172, 42, 'å®‰è£…æ’ä»¶', 1),
(173, 43, 'å¸è½½æ’ä»¶', 1),
(174, 44, 'åˆ é™¤æ’ä»¶', 1),
(175, 45, 'çŠ¶æ€è®¾ç½®', 1),
(176, 46, 'è®¾è®¡æ’ä»¶', 1),
(177, 47, 'è¿è¡Œæ’ä»¶', 1),
(178, 48, 'æ›´æ–°æ’ä»¶', 1),
(179, 49, 'æ’ä»¶é…ç½®', 1),
(180, 50, 'æ·»åŠ é’©å­', 1),
(181, 51, 'ä¿®æ”¹é’©å­', 1),
(182, 52, 'åˆ é™¤é’©å­', 1),
(183, 53, 'çŠ¶æ€è®¾ç½®', 1),
(184, 54, 'æ’ä»¶æ’åº', 1),
(185, 55, 'æ·»åŠ é…ç½®', 1),
(186, 56, 'ä¿®æ”¹é…ç½®', 1),
(187, 57, 'åˆ é™¤é…ç½®', 1),
(188, 58, 'çŠ¶æ€è®¾ç½®', 1),
(189, 59, 'æ’åºè®¾ç½®', 1),
(190, 60, 'åŸºç¡€é…ç½®', 1),
(191, 61, 'ç³»ç»Ÿé…ç½®', 1),
(192, 62, 'ä¸Šä¼ é…ç½®', 1),
(193, 63, 'å¼€å‘é…ç½®', 1),
(194, 64, 'è®¾è®¡æ¨¡å—', 1),
(195, 65, 'å®‰è£…æ¨¡å—', 1),
(196, 66, 'å¸è½½æ¨¡å—', 1),
(197, 67, 'çŠ¶æ€è®¾ç½®', 1),
(198, 68, 'è®¾ç½®é»˜è®¤æ¨¡å—', 1),
(199, 69, 'åˆ é™¤æ¨¡å—', 1),
(200, 70, 'æ·»åŠ ä¼šå‘˜', 1),
(201, 71, 'ä¿®æ”¹ä¼šå‘˜', 1),
(202, 72, 'åˆ é™¤ä¼šå‘˜', 1),
(203, 73, 'çŠ¶æ€è®¾ç½®', 1),
(204, 74, '[å¼¹çª—]ä¼šå‘˜é€‰æ‹©', 1),
(205, 75, 'æ·»åŠ ä¼šå‘˜ç­‰çº§', 1),
(206, 76, 'ä¿®æ”¹ä¼šå‘˜ç­‰çº§', 1),
(207, 77, 'åˆ é™¤ä¼šå‘˜ç­‰çº§', 1),
(208, 78, 'é™„ä»¶ä¸Šä¼ ', 1),
(209, 79, 'åˆ é™¤é™„ä»¶', 1),
(210, 80, 'åœ¨çº¿å‡çº§', 1),
(211, 81, 'è·å–å‡çº§åˆ—è¡¨', 1),
(212, 82, 'å®‰è£…å‡çº§åŒ…', 1),
(213, 83, 'ä¸‹è½½å‡çº§åŒ…', 1),
(214, 84, 'æ•°æ®åº“ç®¡ç†', 1),
(215, 85, 'å¤‡ä»½æ•°æ®åº“', 1),
(216, 86, 'æ¢å¤æ•°æ®åº“', 1),
(217, 87, 'ä¼˜åŒ–æ•°æ®åº“', 1),
(218, 88, 'åˆ é™¤å¤‡ä»½', 1),
(219, 89, 'ä¿®å¤æ•°æ®åº“', 1),
(220, 90, 'è®¾ç½®é»˜è®¤ç­‰çº§', 1),
(221, 91, 'æ•°æ®åº“é…ç½®', 1),
(222, 92, 'æ¨¡å—æ‰“åŒ…', 1),
(223, 93, 'æ’ä»¶æ‰“åŒ…', 1),
(224, 94, 'ä¸»é¢˜ç®¡ç†', 1),
(225, 95, 'è®¾ç½®é»˜è®¤ä¸»é¢˜', 1),
(226, 96, 'åˆ é™¤ä¸»é¢˜', 1),
(227, 97, 'è¯­è¨€åŒ…ç®¡ç†', 1),
(228, 98, 'æ·»åŠ è¯­è¨€åŒ…', 1),
(229, 99, 'ä¿®æ”¹è¯­è¨€åŒ…', 1),
(230, 100, 'åˆ é™¤è¯­è¨€åŒ…', 1),
(231, 101, 'æ’åºè®¾ç½®', 1),
(232, 102, 'çŠ¶æ€è®¾ç½®', 1),
(233, 103, 'æ”¶è—å¤¹å›¾æ ‡ä¸Šä¼ ', 1),
(234, 104, 'å¯¼å…¥æ¨¡å—', 1),
(235, 105, 'æ¬¢è¿é¡µé¢', 1),
(236, 106, 'å¸ƒå±€åˆ‡æ¢', 1),
(237, 107, 'åˆ é™¤æ—¥å¿—', 1),
(238, 108, 'æ¸…ç©ºæ—¥å¿—', 1),
(239, 109, 'ç¼–è¾‘æ¨¡å—', 1),
(240, 110, 'æ¨¡å—å›¾æ ‡ä¸Šä¼ ', 1),
(241, 111, 'å¯¼å…¥æ’ä»¶', 1),
(242, 112, 'é¢„ç•™å ä½', 1),
(243, 113, 'é¢„ç•™å ä½', 1),
(244, 114, 'é¢„ç•™å ä½', 1),
(245, 115, 'é¢„ç•™å ä½', 1),
(246, 116, 'é¢„ç•™å ä½', 1),
(247, 117, 'é¢„ç•™å ä½', 1),
(248, 118, 'é¢„ç•™å ä½', 1),
(249, 119, 'é¢„ç•™å ä½', 1),
(250, 120, 'é¢„ç•™å ä½', 1),
(251, 121, 'é¢„ç•™å ä½', 1),
(252, 122, 'é¢„ç•™å ä½', 1),
(253, 123, 'é¢„ç•™å ä½', 1),
(254, 124, 'é¢„ç•™å ä½', 1),
(255, 125, 'é¢„ç•™å ä½', 1),
(256, 126, 'é¢„ç•™å ä½', 1),
(257, 127, 'é¢„ç•™å ä½', 1),
(258, 128, 'é¢„ç•™å ä½', 1),
(259, 129, 'é¢„ç•™å ä½', 1),
(260, 130, 'é¢„ç•™å ä½', 1),
(261, 131, 'é¢„ç•™å ä½', 1),
(262, 132, 'é¢„ç•™å ä½', 1),
(263, 133, 'é¢„ç•™å ä½', 1),
(264, 134, 'é¢„ç•™å ä½', 1),
(265, 135, 'é¢„ç•™å ä½', 1),
(266, 136, 'é¢„ç•™å ä½', 1),
(267, 137, 'é¢„ç•™å ä½', 1),
(268, 138, 'é¢„ç•™å ä½', 1),
(269, 139, 'é¢„ç•™å ä½', 1),
(270, 140, 'é¢„ç•™å ä½', 1),
(271, 141, 'é¢„ç•™å ä½', 1),
(272, 142, 'é¢„ç•™å ä½', 1),
(273, 143, 'é¢„ç•™å ä½', 1),
(274, 144, 'é¢„ç•™å ä½', 1),
(275, 145, 'é¢„ç•™å ä½', 1),
(276, 146, 'é¢„ç•™å ä½', 1),
(277, 147, 'é¢„ç•™å ä½', 1),
(278, 148, 'é¢„ç•™å ä½', 1),
(279, 149, 'é¢„ç•™å ä½', 1),
(280, 150, 'é¢„ç•™å ä½', 1),
(281, 151, 'é¢„ç•™å ä½', 1),
(282, 152, 'é¢„ç•™å ä½', 1),
(283, 153, 'é¢„ç•™å ä½', 1),
(284, 154, 'é¢„ç•™å ä½', 1),
(285, 155, 'é¢„ç•™å ä½', 1),
(286, 156, 'é¢„ç•™å ä½', 1),
(287, 157, 'é¢„ç•™å ä½', 1),
(288, 158, 'é¢„ç•™å ä½', 1),
(289, 159, 'é¢„ç•™å ä½', 1),
(290, 160, 'é¢„ç•™å ä½', 1),
(291, 161, 'é¢„ç•™å ä½', 1),
(292, 162, 'é¢„ç•™å ä½', 1),
(293, 163, 'é¢„ç•™å ä½', 1),
(294, 164, 'é¢„ç•™å ä½', 1),
(295, 165, 'é¢„ç•™å ä½', 1),
(296, 166, 'é¢„ç•™å ä½', 1),
(297, 167, 'é¢„ç•™å ä½', 1),
(298, 168, 'é¢„ç•™å ä½', 1),
(299, 169, 'é¢„ç•™å ä½', 1),
(300, 170, 'é¢„ç•™å ä½', 1),
(301, 171, 'é¢„ç•™å ä½', 1),
(302, 172, 'é¢„ç•™å ä½', 1),
(303, 173, 'é¢„ç•™å ä½', 1),
(304, 174, 'é¢„ç•™å ä½', 1),
(305, 175, 'é¢„ç•™å ä½', 1),
(306, 176, 'é¢„ç•™å ä½', 1),
(307, 177, 'é¢„ç•™å ä½', 1),
(308, 178, 'é¢„ç•™å ä½', 1),
(309, 179, 'é¢„ç•™å ä½', 1),
(310, 180, 'é¢„ç•™å ä½', 1),
(311, 181, 'é¢„ç•™å ä½', 1),
(312, 182, 'é¢„ç•™å ä½', 1),
(313, 183, 'é¢„ç•™å ä½', 1),
(314, 184, 'é¢„ç•™å ä½', 1),
(315, 185, 'é¢„ç•™å ä½', 1),
(316, 186, 'é¢„ç•™å ä½', 1),
(317, 187, 'é¢„ç•™å ä½', 1),
(318, 188, 'é¢„ç•™å ä½', 1),
(319, 189, 'é¢„ç•™å ä½', 1),
(320, 190, 'é¢„ç•™å ä½', 1),
(321, 191, 'é¢„ç•™å ä½', 1),
(322, 192, 'é¢„ç•™å ä½', 1),
(323, 193, 'é¢„ç•™å ä½', 1),
(324, 194, 'é¢„ç•™å ä½', 1),
(325, 195, 'é¢„ç•™å ä½', 1),
(326, 196, 'é¢„ç•™å ä½', 1),
(327, 197, 'é¢„ç•™å ä½', 1),
(328, 198, 'é¢„ç•™å ä½', 1),
(329, 199, 'é¢„ç•™å ä½', 1),
(330, 200, 'é¢„ç•™å ä½', 1);

-- --------------------------------------------------------

--
-- è¡¨çš„ç»“æ„ `sup_admin_module`
--

CREATE TABLE IF NOT EXISTS `sup_admin_module` (
  `id` int(10) unsigned NOT NULL AUTO_INCREMENT,
  `system` tinyint(1) unsigned NOT NULL DEFAULT '0' COMMENT 'ç³»ç»Ÿæ¨¡å—',
  `name` varchar(50) NOT NULL COMMENT 'æ¨¡å—å(è‹±æ–‡)',
  `identifier` varchar(100) NOT NULL COMMENT 'æ¨¡å—æ ‡è¯†(æ¨¡å—å(å­—æ¯).å¼€å‘è€…æ ‡è¯†.module)',
  `title` varchar(50) NOT NULL COMMENT 'æ¨¡å—æ ‡é¢˜',
  `intro` varchar(255) NOT NULL COMMENT 'æ¨¡å—ç®€ä»‹',
  `author` varchar(100) NOT NULL COMMENT 'ä½œè€…',
  `icon` varchar(80) NOT NULL DEFAULT 'aicon ai-mokuaiguanli' COMMENT 'å›¾æ ‡',
  `version` varchar(20) NOT NULL COMMENT 'ç‰ˆæœ¬å·',
  `url` varchar(255) NOT NULL COMMENT 'é“¾æ¥',
  `sort` int(5) unsigned NOT NULL DEFAULT '0' COMMENT 'æ’åº',
  `status` tinyint(1) unsigned NOT NULL DEFAULT '0' COMMENT '0æœªå®‰è£…ï¼Œ1æœªå¯ç”¨ï¼Œ2å·²å¯ç”¨',
  `default` tinyint(1) unsigned NOT NULL DEFAULT '0' COMMENT 'é»˜è®¤æ¨¡å—(åªèƒ½æœ‰ä¸€ä¸ª)',
  `config` text NOT NULL COMMENT 'é…ç½®',
  `app_id` varchar(30) NOT NULL DEFAULT '0' COMMENT 'åº”ç”¨å¸‚åœºID(0æœ¬åœ°)',
  `app_keys` varchar(200) DEFAULT '' COMMENT 'åº”ç”¨ç§˜é’¥',
  `theme` varchar(50) NOT NULL DEFAULT 'default' COMMENT 'ä¸»é¢˜æ¨¡æ¿',
  `ctime` int(10) unsigned NOT NULL DEFAULT '0' COMMENT 'åˆ›å»ºæ—¶é—´',
  `mtime` int(10) unsigned NOT NULL DEFAULT '0' COMMENT 'ä¿®æ”¹æ—¶é—´',
  PRIMARY KEY (`id`),
  UNIQUE KEY `name` (`name`),
  UNIQUE KEY `identifier` (`identifier`)
) ENGINE=InnoDB  DEFAULT CHARSET=utf8 COMMENT='[ç³»ç»Ÿ] æ¨¡å—' AUTO_INCREMENT=4 ;

--
-- è½¬å­˜è¡¨ä¸­çš„æ•°æ® `sup_admin_module`
--

INSERT INTO `sup_admin_module` (`id`, `system`, `name`, `identifier`, `title`, `intro`, `author`, `icon`, `version`, `url`, `sort`, `status`, `default`, `config`, `app_id`, `app_keys`, `theme`, `ctime`, `mtime`) VALUES
(1, 1, 'admin', 'admin.hisiphp.module', 'ç³»ç»Ÿç®¡ç†æ¨¡å—', 'ç³»ç»Ÿæ ¸å¿ƒæ¨¡å—ï¼Œç”¨äºåå°å„é¡¹ç®¡ç†åŠŸèƒ½æ¨¡å—åŠåŠŸèƒ½æ‹“å±•', 'HisiPHPå®˜æ–¹å‡ºå“', '', '1.0.0', 'http://www.hisiphp.com', 0, 2, 0, '', '0', '', 'default', 1489998096, 1489998096),
(2, 1, 'index', 'index.hisiphp.module', 'ç³»ç»Ÿé»˜è®¤æ¨¡å—', 'ä»…ä¾›å‰ç«¯æ’ä»¶è®¿é—®å’Œåº”ç”¨å¸‚åœºæ¨é€å®‰è£…ï¼Œç¦æ­¢åœ¨æ­¤æ¨¡å—ä¸‹é¢å¼€å‘ä»»ä½•ä¸œè¥¿ã€‚', 'HisiPHPå®˜æ–¹å‡ºå“', '', '1.0.0', 'http://www.hisiphp.com', 0, 2, 0, '', '0', '', 'default', 1489998096, 1489998096),
(3, 1, 'install', 'install.hisiphp.module', 'ç³»ç»Ÿå®‰è£…æ¨¡å—', 'ç³»ç»Ÿå®‰è£…æ¨¡å—ï¼Œå‹¿åŠ¨ã€‚', 'HisiPHPå®˜æ–¹å‡ºå“', '', '1.0.0', 'http://www.hisiphp.com', 0, 2, 0, '', '0', '', 'default', 1489998096, 1489998096);

-- --------------------------------------------------------

--
-- è¡¨çš„ç»“æ„ `sup_admin_plugins`
--

CREATE TABLE IF NOT EXISTS `sup_admin_plugins` (
  `id` int(11) unsigned NOT NULL AUTO_INCREMENT,
  `system` tinyint(1) unsigned NOT NULL DEFAULT '0',
  `name` varchar(32) NOT NULL COMMENT 'æ’ä»¶åç§°(è‹±æ–‡)',
  `title` varchar(32) NOT NULL COMMENT 'æ’ä»¶æ ‡é¢˜',
  `icon` varchar(64) NOT NULL COMMENT 'å›¾æ ‡',
  `intro` text NOT NULL COMMENT 'æ’ä»¶ç®€ä»‹',
  `author` varchar(32) NOT NULL COMMENT 'ä½œè€…',
  `url` varchar(255) NOT NULL COMMENT 'ä½œè€…ä¸»é¡µ',
  `version` varchar(16) NOT NULL DEFAULT '' COMMENT 'ç‰ˆæœ¬å·',
  `identifier` varchar(64) NOT NULL DEFAULT '' COMMENT 'æ’ä»¶å”¯ä¸€æ ‡è¯†ç¬¦',
  `config` text NOT NULL COMMENT 'æ’ä»¶é…ç½®',
  `app_id` varchar(30) NOT NULL DEFAULT '0' COMMENT 'åº”ç”¨å¸‚åœºID(0æœ¬åœ°)',
  `app_keys` varchar(200) DEFAULT '' COMMENT 'åº”ç”¨ç§˜é’¥',
  `ctime` int(10) unsigned NOT NULL DEFAULT '0',
  `mtime` int(10) unsigned NOT NULL DEFAULT '0',
  `sort` int(10) unsigned NOT NULL DEFAULT '0' COMMENT 'æ’åº',
  `status` tinyint(1) unsigned NOT NULL DEFAULT '0' COMMENT 'çŠ¶æ€',
  PRIMARY KEY (`id`)
) ENGINE=InnoDB  DEFAULT CHARSET=utf8 ROW_FORMAT=COMPACT COMMENT='[ç³»ç»Ÿ] æ’ä»¶è¡¨' AUTO_INCREMENT=2 ;

--
-- è½¬å­˜è¡¨ä¸­çš„æ•°æ® `sup_admin_plugins`
--

INSERT INTO `sup_admin_plugins` (`id`, `system`, `name`, `title`, `icon`, `intro`, `author`, `url`, `version`, `identifier`, `config`, `app_id`, `app_keys`, `ctime`, `mtime`, `sort`, `status`) VALUES
(1, 0, 'hisiphp', 'ç³»ç»ŸåŸºç¡€ä¿¡æ¯', '/plugins/hisiphp/hisiphp.png', 'åå°é¦–é¡µå±•ç¤ºç³»ç»ŸåŸºç¡€ä¿¡æ¯å’Œå¼€å‘å›¢é˜Ÿä¿¡æ¯', 'HisiPHP', 'http://www.hisiphp.com', '1.0.0', 'hisiphp.hisiphp.plugins', '', '0', '', 1509379331, 1509379331, 0, 1);

-- --------------------------------------------------------

--
-- è¡¨çš„ç»“æ„ `sup_admin_role`
--

CREATE TABLE IF NOT EXISTS `sup_admin_role` (
  `id` int(10) unsigned NOT NULL AUTO_INCREMENT,
  `name` varchar(50) NOT NULL COMMENT 'è§’è‰²åç§°',
  `intro` varchar(200) NOT NULL COMMENT 'è§’è‰²ç®€ä»‹',
  `auth` text NOT NULL COMMENT 'è§’è‰²æƒé™',
  `ctime` int(10) unsigned NOT NULL DEFAULT '0' COMMENT 'åˆ›å»ºæ—¶é—´',
  `mtime` int(10) unsigned NOT NULL DEFAULT '0' COMMENT 'ä¿®æ”¹æ—¶é—´',
  `status` tinyint(1) unsigned NOT NULL DEFAULT '1' COMMENT 'çŠ¶æ€',
  PRIMARY KEY (`id`),
  UNIQUE KEY `name` (`name`)
) ENGINE=InnoDB  DEFAULT CHARSET=utf8 COMMENT='[ç³»ç»Ÿ] ç®¡ç†è§’è‰²' AUTO_INCREMENT=5 ;

--
-- è½¬å­˜è¡¨ä¸­çš„æ•°æ® `sup_admin_role`
--

INSERT INTO `sup_admin_role` (`id`, `name`, `intro`, `auth`, `ctime`, `mtime`, `status`) VALUES
(1, 'è¶…çº§ç®¡ç†å‘˜', 'æ‹¥æœ‰ç³»ç»Ÿæœ€é«˜æƒé™', '0', 1489411760, 0, 1),
(2, 'ç³»ç»Ÿç®¡ç†å‘˜', 'æ‹¥æœ‰ç³»ç»Ÿç®¡ç†å‘˜æƒé™', '{"0":"1","1":"4","2":"25","3":"24","5":"2","6":"6","7":"12","8":"26","9":"27","10":"28","11":"29","12":"30","13":"31","14":"32","15":"13","16":"33","17":"34","18":"35","19":"36","20":"14","21":"37","22":"38","23":"39","24":"40","25":"41","30":"203","31":"202","32":"204","37":"209","38":"210","39":"211"}', 1489411760, 1536837330, 1),
(3, 'æ•™å¸ˆè§’è‰²', 'æŸ¥çœ‹è‡ªå·±å¸®æ‰¶å­¦ç”Ÿ', '{"0":"1","1":"4","3":"24","4":"105","5":"2","30":"203","39":"211"}', 1536837401, 1536838186, 1),
(4, 'å­¦æ ¡æƒé™', 'æŸ¥çœ‹è‡ªå·±å­¦æ ¡çš„è€å¸ˆå’Œå¸®æ‰¶çš„å­¦ç”Ÿ', '{"5":"2","30":"203","37":"209","38":"210","39":"211"}', 1536837581, 1536837581, 1);

-- --------------------------------------------------------

--
-- è¡¨çš„ç»“æ„ `sup_admin_school`
--

CREATE TABLE IF NOT EXISTS `sup_admin_school` (
  `id` int(10) unsigned NOT NULL AUTO_INCREMENT,
  `pid` int(10) unsigned NOT NULL DEFAULT '0',
  `title` varchar(20) NOT NULL COMMENT 'å­¦æ ¡æ ‡é¢˜',
  `sort` int(10) unsigned NOT NULL DEFAULT '0' COMMENT 'æ’åº',
  `status` tinyint(1) unsigned NOT NULL DEFAULT '1' COMMENT 'çŠ¶æ€1æ˜¾ç¤ºï¼Œ0éšè—',
  `ctime` int(10) unsigned NOT NULL DEFAULT '0',
  `mtime` int(10) unsigned NOT NULL DEFAULT '0' COMMENT 'ä¿®æ”¹æ—¶é—´',
  PRIMARY KEY (`id`),
  KEY `ctime` (`ctime`),
  KEY `ctime_2` (`ctime`),
  KEY `ctime_3` (`ctime`)
) ENGINE=InnoDB  DEFAULT CHARSET=utf8 ROW_FORMAT=COMPACT COMMENT='[ç³»ç»Ÿ] å­¦æ ¡èœå•' AUTO_INCREMENT=14 ;

--
-- è½¬å­˜è¡¨ä¸­çš„æ•°æ® `sup_admin_school`
--

INSERT INTO `sup_admin_school` (`id`, `pid`, `title`, `sort`, `status`, `ctime`, `mtime`) VALUES
(3, 0, 'åˆè‚¥å¤§å­¦', 0, 1, 1536665714, 1536665714),
(4, 0, 'åŒ—äº¬å¤§å­¦', 0, 1, 1536665738, 1536665738),
(5, 0, 'å¤©æ´¥å¤§å­¦', 0, 1, 1536734626, 1536734626),
(6, 0, 'è¥¿å®‰å¤§å­¦', 0, 1, 1536805069, 1536805069),
(7, 0, 'è¥¿åŒ—å¤§å­¦', 0, 1, 0, 0),
(8, 0, 'å¦é—¨å¤§å­¦', 0, 1, 0, 0),
(9, 0, 'å±±è¥¿å¤§å­¦', 0, 1, 0, 0),
(10, 0, 'é’å²›å¤§å­¦', 0, 1, 0, 0),
(11, 0, 'å®é¸¡å¤§å†™', 0, 1, 1536825332, 1536825332),
(12, 0, 'æµ·å—å¤§å­¦', 0, 1, 0, 0),
(13, 0, 'ä¸œäº¬å¤§å­¦', 0, 1, 0, 0);

-- --------------------------------------------------------

--
-- è¡¨çš„ç»“æ„ `sup_admin_user`
--

CREATE TABLE IF NOT EXISTS `sup_admin_user` (
  `id` int(10) unsigned NOT NULL AUTO_INCREMENT,
  `role_id` int(10) unsigned NOT NULL DEFAULT '0' COMMENT 'è§’è‰²ID',
  `shool_id` int(10) unsigned NOT NULL DEFAULT '0' COMMENT 'å­¦æ ¡çš„id',
  `username` varchar(50) NOT NULL COMMENT 'ç”¨æˆ·å',
  `password` varchar(64) NOT NULL,
  `nick` varchar(50) NOT NULL COMMENT 'æ˜µç§°',
  `mobile` varchar(11) NOT NULL,
  `email` varchar(50) NOT NULL COMMENT 'é‚®ç®±',
  `birthday` varchar(10) CHARACTER SET utf8 COLLATE utf8_unicode_ci NOT NULL DEFAULT '0' COMMENT 'ç”Ÿæ—¥',
  `auth` text NOT NULL COMMENT 'æƒé™',
  `iframe` tinyint(1) unsigned NOT NULL DEFAULT '0' COMMENT '0é»˜è®¤ï¼Œ1æ¡†æ¶',
  `theme` varchar(30) NOT NULL DEFAULT '0' COMMENT 'ä¸»é¢˜',
  `status` tinyint(1) unsigned NOT NULL DEFAULT '1' COMMENT 'çŠ¶æ€',
  `last_login_ip` varchar(128) NOT NULL COMMENT 'æœ€åç™»é™†IP',
  `last_login_time` int(10) unsigned NOT NULL DEFAULT '0' COMMENT 'æœ€åç™»é™†æ—¶é—´',
  `ctime` int(10) unsigned NOT NULL DEFAULT '0' COMMENT 'åˆ›å»ºæ—¶é—´',
  `mtime` int(10) unsigned NOT NULL DEFAULT '0' COMMENT 'ä¿®æ”¹æ—¶é—´',
  PRIMARY KEY (`id`)
) ENGINE=InnoDB  DEFAULT CHARSET=utf8 COMMENT='[ç³»ç»Ÿ] ç®¡ç†ç”¨æˆ·' AUTO_INCREMENT=4 ;

--
-- è½¬å­˜è¡¨ä¸­çš„æ•°æ® `sup_admin_user`
--

INSERT INTO `sup_admin_user` (`id`, `role_id`, `shool_id`, `username`, `password`, `nick`, `mobile`, `email`, `birthday`, `auth`, `iframe`, `theme`, `status`, `last_login_ip`, `last_login_time`, `ctime`, `mtime`) VALUES
(1, 1, 0, 'supportprojectadmin', '$2y$10$Zxr9tSxccfGNpJ4XraXTsezDx8r8QRvif5T.DA02RDVtCmCpBkwq.', 'è¶…çº§ç®¡ç†å‘˜', '', '', '0', '', 1, '0', 1, '127.0.0.1', 1537521600, 1536554318, 1537521600),
(2, 2, 0, 'ssd', '$2y$10$R34KwsgoN0bYDOiLEWfQV.aVEihhaOLHbT07WyqG5AqIs21Mhr7He', 'åœ°æ–¹', '', '', '0', '{"0":"1","1":"4","2":"25","3":"24","5":"2","6":"6","7":"12","8":"26","9":"27","10":"28","11":"29","12":"30","13":"31","14":"32","15":"13","16":"33","17":"34","18":"35","19":"36","20":"14","21":"37","22":"38","23":"39","24":"40","25":"41","30":"203","31":"202","32":"204","37":"209"}', 0, '0', 1, '127.0.0.1', 0, 1536657845, 1536823634),
(3, 3, 0, 'enran', '$2y$10$bwkO91DUJmRcQ6dyjX30kek8.eF6f5jX4VUJsWnxaJo3AmPsWz8Lm', 'æ©ç„¶', '13935745628', '7912@qq.com', '0', '', 0, '0', 1, '127.0.0.1', 1536838200, 1536837769, 1536838200);

/*!40101 SET CHARACTER_SET_CLIENT=@OLD_CHARACTER_SET_CLIENT */;
/*!40101 SET CHARACTER_SET_RESULTS=@OLD_CHARACTER_SET_RESULTS */;
/*!40101 SET COLLATION_CONNECTION=@OLD_COLLATION_CONNECTION */;
